q7ZDtsWUnFySwkV5fC4xvw,St Louis Rotisserie,MO,38.6735381344,-90.4591464049,3.5,61,3
43MDfrU28FYjfpamNfL9GA,Zinburger,AZ,32.2877464,-110.9446335,4.0,795,2
ZM9EQa_wvrcwTwS_E5giMw,Mount Everest Momo Cafe,ID,43.5848767,-116.1934959,4.5,269,0
HoKH4Rk7wHfVT-60aYIYwA,Hotrods Old Vail,AZ,32.0808791906,-110.7689881325,2.5,283,5
oc6_IVWcfALGuXM7ZEz9uA,Wawa,PA,39.941011,-75.272418,3.5,13,2
TNVrRLz4CBbAVciJof2adw,Lun's Asia Chef,PA,39.9944495,-75.0970217,3.5,16,0
J2Jcksoo1wQ5gC06fEwE3g,highway fried chicken & seafood,LA,29.9604161,-90.1700748,4.5,53,2
YaLKDgS_zIYIm6jkXWCxgA,Rustica,PA,39.9642199,-75.1404574,4.0,312,0
qCVbvgYjJkdsrSN71Ra0Ew,The Crow Bar,DE,39.758484,-75.562731,3.5,27,1
fArLjilYfYfpAJbLHw4zCA,Mumbai Dakar Restaurant,AB,53.5705639528,-113.4088779241,4.5,5,3
jz41zeEyGVEBhE2LiROICQ,Thai Nana Restaurant,FL,28.081277,-82.766829,3.5,83,5
Pnh2dLVC_yeudmLSdWGzhQ,Prince's Hot Chicken Shack,TN,36.1549763,-86.7771099,3.5,98,1
vs0oc4GRG0bUwpTdJ_tjlw,Porter's Fried Chicken,MO,38.6013419,-90.3254134,4.0,193,0
4yuztwDxmAlzXZ9isFwrmw,Waffle House,TN,36.3075636,-86.6552508,3.0,18,2
QtUn-vphzwt_cOQVkDlyow,Pinto Thong Thai Cuisine,NJ,39.8356195671,-75.0873745782,4.5,131,1
YGlWTnf8OX1gL0duW41yWQ,Papa John's Pizza,FL,28.126786,-82.7407474,2.5,10,5
WYUapnmiKtE0R4I7VmO-UQ,Koozie's Sports Pub,FL,28.052758,-82.334721,4.0,8,1
I7GoKXrd_k5_ObTWWgkWDQ,Sushi King,NJ,39.92497,-74.99966,4.0,164,3
O2jyRumDtF5VDy11PnXCrg,Mexican Tikal Restaurant,NJ,39.8233043394,-75.1603752002,2.5,7,1
EJ0t-DhlxWaMz2txzO7WVw,Das Bevo,MO,38.5819031,-90.2668091,3.5,136,5
zrUAjvPlH22dnvNtxRuiBg,The Cheesecake Factory - Metairie,LA,30.0058530931,-90.1561975397,2.5,426,2
Hl_vXTiYLozWo7T9Cq17vw,Aperitivo,CA,34.416454,-119.695668,5.0,47,2
4UPfkc3RWTdNVl_54XdilQ,Marble's Southern Cookery,IN,39.7986733,-86.2097156,3.5,15,5
bjVkLzC8-xREEIjSouI2cQ,Twin Kegs 2,TN,36.1534202,-86.7484535,4.5,13,1
qmJR2qGwuK-q_05gY2qu9A,Sushi Boss,IN,39.9109691218,-86.108918437,4.5,147,1
AbeWP7_Vxhp45I9IPZ7Otg,Mosaic Cafe Dos,AZ,32.3402804889,-111.0121348384,3.5,150,4
FUkVxA0IhTvsBIbwUdkzdw,Wawa,FL,27.8053981715,-82.6802897424,3.0,14,0
Nv38ep6k7Zv-07jcc-wQVQ,Maple Tree Deli,FL,28.4331421,-82.6379201,4.0,13,4
XswkvtCnlcosB_8GXkI5lQ,The Goat Rittenhouse,PA,39.9511749999,-75.1723914966,4.0,18,0
MzJMKSZZ2obTU0KgqHfN9w,Burger King,PA,40.183063,-75.116797,2.0,9,5
oAsQSIYjp56Z6woPunfLxw,Schnucks Webster Groves,MO,38.5827586,-90.3566309,3.0,25,0
KPofPh5SmzKumg-PpbAEYw,Frida’s Oaxacan Cuisine,TN,36.1194859,-86.7491146,5.0,5,1
NUSp_d5o-_8INV_xBykUeg,Hamilton's Urban Steakhouse and Bourbon Bar,MO,38.6213165991,-90.2135795,4.5,164,5
uw4M9GunX1QWzdJ98syXKg,Pistolese's Pizzeria,FL,27.7930008,-82.3710818,4.0,38,2
3DCbl5GrBX0CH71jbSC74Q,Angela's Pizza ll,PA,40.1402972,-74.9862406,3.0,37,3
u12BYcjx2VGy8L_N1Q_sPA,Starbucks,AZ,32.190497,-110.855961,2.0,10,1
HTvQo7ymZg1OMq-5f0dsKQ,Sawaddee Thai Cuisine,AB,53.5129261,-113.2741421,4.0,22,1
4RnSN4oamiATCEpEI3UHlQ,Beef 'O' Brady's,FL,27.790373,-82.342164,3.0,56,2
03an5ytHalUpCjfN8vcjRA,McDonald's,IN,39.870249,-86.140767,1.5,47,1
bS159Nk4-BNn2nwvPyQlVA,Subway,FL,28.0437029,-82.676538,2.0,24,5
kmlX0JG-6gVTjsMUnmY18Q,Maple Street Biscuit Company - Seminole City,FL,27.843076,-82.793212,4.0,151,0
ZSaKeh2-3U9BiMMqZA0z9Q,Good Karma Cafe,PA,39.9512805,-75.1792293,4.5,110,0
hfQEzgd-vtUQNJukauvQ5A,Antojitos Domis,IN,39.897956,-86.216963,4.0,32,3
M1X4m8qCde-gf_qyDEkqFA,Subway,TN,36.052823545,-86.6146451718,4.5,5,3
582qelAj3_So_uj6yuTzKg,Boise Fry,ID,43.5907465,-116.3690965,4.0,217,2
kfXc2ltpRCkqA4yV87jj7A,Kapow Kitchen,PA,39.840771,-75.496239,4.5,32,4
DUZu1AT7TjJSxst6ZCoKiQ,Chick-fil-A,PA,39.8894518,-75.32687117,3.5,33,2
uJc6fv7aKFwwSSOPb2zbOA,Guatelinda Restaurant,NJ,40.2060398,-74.7430283,4.5,19,0
LfWs66gXWB7KYolW6xAu-g,Violino Ristorante,AB,53.5425709,-113.5370262,4.0,88,0
hJ0QkeOdQ5y7MTmdR9NO1Q,The Copper Dram,DE,39.775779,-75.596067,4.5,56,1
1bsQMS1SeLxcqXrJQYVfGQ,Gia Pronto,PA,39.9476279,-75.192598,4.0,7,0
1AqUAR932UJgGwr6FGfPkw,WaWa,PA,39.951686,-75.166981,2.5,8,0
sAtMh5Cosg9kCWwDTTKivQ,PetersenDean,NV,39.5023108,-119.7530822,2.5,18,0
L3HZyv4Q8vCmi2tr_Wm3-w,Spring City Hotel,PA,40.17941,-75.5475487,2.0,13,1
TU3rjb_t9OVLoxVJpwEhwA,Sheraton Suites Wilmington Downtown,DE,39.7472414,-75.5513301,3.0,82,1
XX7M_vFa6ehcvkZ6WiZXuA,Jerry Bob's,AZ,32.2359183,-110.8283534,3.5,51,1
hN4B1kS8J5MQykKxrYXB_g,Wheelys Cafe,DE,39.665229,-75.592403,4.5,10,5
629Gh-kr6XPp-Ytpc2FfRA,Burger King,AZ,32.178301,-110.9944754774,3.0,6,0
rxs7GHCeRh9M5iqJ3VKgNA,Pepper Palace,TN,36.2007180437,-86.6923907027,3.5,12,5
oNlw6o-TdLrwhhfNS3XfgA,New Orleans Cookery,LA,29.9595176,-90.0605725,2.5,15,0
vmtqCFoBX9TzAoiLUEj5oA,Vegan Snack Shack,LA,29.9435041,-90.0975503,3.0,27,3
Ovd7T-FPtAY4BQT67MfSIA,City Barbeque,IN,39.7642882612,-86.3235765696,4.0,161,0
H5G5tF-DzJKWpU-d8XakGA,St. Louis Bread,MO,38.6254907,-90.5144136,1.5,25,2
_3hT6D26_1uGR_W1RcmUaA,WIN Bubble Tea - White Bridge,TN,36.1316071,-86.8581153,4.0,26,1
PI7Qd_U8T-rSCfWmKvIZ5Q,LongHorn Steakhouse,PA,40.1360185044,-74.957488704,3.0,90,3
HJ9qmwxI5-3YeKRoDbbulA,Panda Express,AZ,32.1853578,-110.968593,3.0,31,0
xNnvfv-Ma3xbb7sjhw7MBQ,Clean Juice Malvern,PA,40.0536347,-75.526719,4.0,8,4
nTaLKWS4vky6RJAUwb2v9A,China 1,FL,27.9600821,-82.450622,3.5,13,3
eW46KumQ5fQ6dyYwAHRXuw,E G & MC,TN,36.1728615,-86.7937664,4.0,18,1
WK4PNl6XRW441EHrxQFEpg,Cicis,MO,38.5053887051,-90.3239008784,3.0,29,1
-xV7aMI1PHEaXPLCA5H2ew,Pio's Restaurant and Cocktail Lounge,MO,38.780593,-90.485965,3.0,88,3
gPyNQB84w93B4H5kDegYhA,New China,FL,27.821904,-82.712579,3.5,47,0
Uav77hrQM4WCzrq_F8Exkw,Su Tao Cafe,PA,40.044492,-75.529941,3.5,122,4
PbwUUhIqp_0VU9Y3hMuQ3g,Taco Baby,FL,28.012092,-82.7901,4.0,64,5
HnHsm7SXKiUoNPsYnXdMvA,"DRIP Kratom, Kava, Vapor & Brew Bar",FL,28.0635672,-82.5510997,4.5,63,3
FUxjp9FJOJVef8iaKfhAiA,The Loading Zone Bar & Grill,TN,36.088438,-86.607815,4.0,10,3
Fps0q5UhQwzwn0em6yO3pA,Seasons Pizza,NJ,39.8408130552,-75.0144594349,3.5,26,5
yT4l7HVC-8tepyFv27qD6w,Restaurante Honduras,TN,36.1441748,-86.8722526,4.0,5,1
9gtdKU9FLOXFW741VuxdDQ,Vero Pizzeria,NJ,39.8651537,-75.0792517,4.0,19,3
Xa71VM37G-SdRmGjc_VzCQ,McDonald's,FL,27.9971179007,-82.5696795434,2.0,42,3
FC02NRphyMBrYiyoy4PAMQ,Brooklyn Brothers Pizza,TN,35.9293363,-86.8972463,3.5,145,0
4DEO0nDjhS6DifyFP7yJNA,Betty’s Bar & Bistro,LA,29.9598306,-90.0673229,4.5,46,0
mKGJ9d33coH3kJN16BeQXQ,Domino's Pizza,IN,39.9573455,-86.1402755,2.0,5,1
Z18kLEKFvE0wZwDoegTQ5g,Hong Kong Kitchen,PA,40.2347843,-75.2891242,2.5,54,5
56M2bwaaSzcmzr2dyEfYQw,Adriana’s On The Hill,MO,38.617843,-90.270609,4.5,397,5
opjF_JN6Kpr5zWxBhkGC7w,Mammoth Coffee,PA,39.9701234,-75.1464152,4.0,33,0
3oPF146et-MbsPADAHkXYg,Chick-fil-A,PA,40.216628,-75.140345,4.0,55,5
Pz4BjuaA6cjF0FeC6j-dmw,Amsterdam Lounge,ID,43.6144917,-116.2017761,3.5,60,0
AFk6UXFbH-idH31KhFQVCg,8th & Roast,TN,36.1317245,-86.7786921,4.5,250,1
8MdZJIIm3My0jdbzYiweeQ,Tower Market and Deli,TN,36.1928939,-86.7439087,3.5,188,1
t-F5Yqd9Eas4RfxY4BX7Yw,Jimmy John's,IN,39.9121948,-86.135836,2.5,24,1
3fC3ATXYs3K5Xj6HwVxkaA,Formosa,PA,40.2870076,-75.2662266,3.5,12,5
yXkDSrX5L7xsgV4KIJ6kew,Guava Grill,FL,27.956936,-82.481185,4.5,8,3
Z_l5dmN5AvLDS0KtVEjZZA,Dogs-N-Donuts,AZ,32.222485,-110.8259128,5.0,33,1
WYel6hMEEPNwzVUlVBacbw,honeygrow,PA,39.9507231094,-75.1675008738,3.5,560,0
Jj2ds2qo-SXHxsBIL6B1qQ,Puccini's Pizza Pasta-Oaklandon,IN,39.8969157,-85.9755485,3.5,58,4
89JvbepD059eYbdkpPUCFw,Dairy Queen,PA,39.9654085697,-75.5952005088,3.0,6,4
MbXgT7Bi4LWebhKB1vWFgw,New Deshi Village Halal Restaurant,PA,40.1496675,-75.39746,3.5,8,1
mPZzpjFxy5lN-3yTMDDbnw,Lpcx Cafe,FL,28.003969,-82.484852,3.0,46,3
AjduhgGB3DxBApfFccRIaw,No 1 China Buffet,FL,28.0296168,-82.4593863,2.0,23,3
3NIK6Q3gk3XkVvBtAdVpXg,Wendy's,AB,53.541085,-113.6423939,3.0,7,5
nmfAvn4lOsVqDmYI8zBiPQ,Juice Market,FL,27.9387955286,-82.2936891,3.5,5,2
ZKfRC21YEH3GGqCVVN8qEg,Verducci's Trattoria Pizzeria,FL,27.744899,-82.752135,4.0,362,0
t0XZSpsqFFM5nlHHeMFNmw,Burritos,PA,40.2420549,-74.8386735,3.0,78,3
_yz3egVyVMm1oYAAagq3zw,Smokin Pigs BBQ,FL,27.850446,-82.169961,2.5,8,2
EKJ_PRhJx6gyDlcppRIofQ,Olive and Vyne,ID,43.6887427,-116.3548277,5.0,25,4
PmjlsjrbYuYEPJgdSQ55TA,Papa John's Pizza,NJ,39.9368779,-75.0772565,1.5,11,3
snATjayNIQGzc0aYMebMyQ,Jimmy John's,IL,38.6846593,-90.0110574,2.5,8,0
BZyDimpPoRrQ25OPa4KoxA,Heights Melts,FL,27.9597371,-82.4599701,3.5,7,3
ZCj5o6j6_0JjGOe04WoLsg,Banh Mi and Bottles,PA,39.9421239,-75.154438,4.0,253,0
B-dVKci8McMfSjBC0z6adA,Pierogie Kitchen,PA,40.0315512952,-75.208060085,4.0,131,0
CR8n4CVq19UqPpJlapQ7jg,MRB Bar And Restaurant,LA,29.9595007,-90.0609279,4.0,105,0
f9yBZy6IRQwX1yyy_9X6xA,IHOP,TN,36.13491,-86.88903,2.0,78,1
lVUA-7aoxIHqvi9OKTKYAA,Happy China,FL,28.0669513,-82.763349,4.0,35,5
gnpyyeWQ53WlDMJEq-YA_w,Tinto,PA,39.9515011,-75.1738449,4.0,877,0
B2sGXSn26OpQmRfJx4QD8g,Country Cafe,TN,36.1411084,-86.7399283,4.0,32,1
tR7wVyDTtjV2LJSlxrMglQ,Hunan Express,TN,36.1887166098,-86.7424464401,3.5,61,1
m1sOcBwZNfAT2aHXgHFFtQ,Jimboy's Tacos,NV,39.5560381,-119.719704,3.0,54,2
3SM8CZuY5MiAruczCm556w,Barbacoa Grill,ID,43.5975838,-116.1836927,4.0,1099,0
ii8dw3vTRecmP_iOiaP0Hg,Maggiano's Little Italy,TN,36.1425413824,-86.8169512712,4.0,579,1
me5hhVG0wjknIK6C4hGwNg,Natalies Candies,MO,38.7422566837,-90.3624096657,3.5,8,4
vbMvVmDKx5EiYC75efItqA,Wendy's,PA,40.1808842182,-75.4517987443,3.0,10,1
NGbyNFSypcmnGt-ofPwESQ,Arby's,IN,39.617337,-86.157985,3.0,10,2
_wcOVX6PPvhXGMpUa2Ij8A,Melrose Diner,PA,39.925004,-75.172084,3.0,287,0
FzPcTnyux3veOoz1FzAp-Q,La Pizza,NJ,39.5713092,-75.0545704,3.0,11,1
MfKScMsPZfE66VQ1CsbS0A,Chili's,PA,39.9184477,-75.1874603,2.5,99,0
wk2HGd1B5N0ycfW_RBHtTA,West Coast Burgers & Dogs,TN,35.9670626669,-86.6774051767,3.5,32,3
7lOXJ-SS0k8eK2fAgQG91w,Fleisch,AB,53.549580399999996,-113.4545605,4.0,6,3
i4RtFXoDy45vFD2A3vSeVQ,Papa John's Pizza,LA,29.9449857,-90.0768302,1.5,22,0
IeRc7-2R4a21yr9nga3GXQ,Fishers Test Kitchen,IN,39.9549854342,-86.0004441799,4.0,51,1
h82_S_QDq8V1htf30pZq2w,Scoogis Classic Italian,PA,40.1135346,-75.2142216,3.5,128,5
0bGKoS0k6je2SnuFyzfQ2g,Grace Restaurant,FL,27.6879638,-82.7378033,4.0,112,0
uA65fNR33daws3d2SoEvIA,The Hermitage Hotel,TN,36.163685,-86.7825982,4.5,206,1
hdQBqsaUH8eT2bv7clbcXw,China Boys,NJ,40.2315939,-74.7230077,3.5,13,0
vkANLU1XhkYzdsloAH5nyw,Tropical Smoothie Cafe,FL,27.9224157,-82.3281024,2.5,101,2
FaDboHLpVcN01oL8EYTX2w,Taqueria La Raza,PA,39.9994302,-75.1342546,4.0,37,0
sA-jrCH-R5741DQ3LWi9Mw,Starbucks,PA,40.170717,-74.892065,3.0,32,3
-zbTnIz1zPNPmKpO0bmEvw,Buffalo Wild Wings,FL,28.192083852,-82.633810498,3.0,172,4
IP96qMCz4W2LgVD_UAJQsw,TJ's Wings,MO,38.5510807,-90.509757,3.0,108,2
LYd7px5BfCrGeNLHyaDW6w,Louisiana Seafood Festival,LA,29.9892810193,-90.0893940032,4.5,20,0
9R1AZxzXseOP2Y6TKUvf-g,Waffle House,LA,29.9509535,-89.9588784,2.5,11,5
2ZaldC7ird5-K9sSvK6tIw,Chipotle Mexican Grill,DE,39.732946,-75.6395592237,2.0,36,2
noRCd744AD5cAT0nuq5Aaw,McDonald's,PA,40.1164281663,-75.3480429376,1.0,16,2
JdCc3cLrCk1KMDvzIqBVVw,Hungry Howie's Pizza & Subs,FL,27.9372655,-82.3075945,3.0,14,2
VxgsJiCUjT4tVUjhjBrIxQ,Subway,IN,39.9927007817,-86.0059856073,3.0,8,1
QCY3kv4piWOKNcewMZKuQg,The Saint Shack,IN,39.7631219,-86.1584497,4.5,24,5
ul6PdEMSxDsQBx7XXSpzsg,Red Bloom Asian Kitchen,NV,39.4889497,-119.7937189,3.5,83,0
r1n7prN3Q2XQ9oPYstyr_Q,Cibare Italian Kitchen,MO,38.5308368,-90.2644983,4.0,50,5
Ff7CVmNORVLNsV3L-lrkvw,OSH Restaurant & Grill,TN,36.1112959,-86.7413034,5.0,129,1
Yghq2glE8BSv7AtxfdZx1Q,Jersey Mike's Subs,FL,28.1282569098,-82.5017521005,3.0,9,3
MPCknINXdfg1aWnBK7B7gQ,Ted's Montana Grill - West End,TN,36.1446989663,-86.8125240933,4.0,298,1
3Annr4f7u9KX2bavh2Y47g,McDonald's,AB,53.474261,-113.393216,1.5,8,4
-SEU6rdhRihUxmPYQIPoeA,Joe's Pizza and Pasta,IL,38.4431878,-90.2006022,4.5,11,2
fHUAs1ec568wu-a_mRq7Rw,Jack in the Box,CA,34.440179,-119.7441717982,1.5,49,4
G-2ftH9puhObkqxy18jMMQ,District 102,AB,53.5439094,-113.4958382,3.5,7,0
EojcVL1emKT86vAG3dv4kA,Mongolian Bar-B-Que Buffet,MO,38.6789538,-90.5009917,3.0,118,3
9tppEw1AZae2bs40j6lZ9Q,Subway,FL,27.8568079788,-82.638363498,2.5,9,0
nXOpWpVADGm7yTmqTlOA2A,Popi's Place III,FL,27.6095047,-82.5389384,4.0,47,0
7uzaR-kdTNOG5-0tVdhA7g,Pizza Hut,ID,43.590201234,-116.237541,3.0,6,5
7bJGh3PkW9tr3rXC6P2uwA,The Matador,ID,43.616975858,-116.2024678449,4.0,422,0
nXio4grzcLTmCrpCNeZo_Q,Deli & Pizza Shop,NJ,40.0532256,-74.9095735,4.5,13,2
rEYz-v3g41OT8kPg-m3Rcw,Church's Chicken,MO,38.7660793,-90.2605286,1.5,9,4
WA6LkSP2yEpWWneajC4NnA,PrimoHoagies,NJ,39.7375336,-75.3279976,3.0,39,4
3bxSasEFR1DSfedKPZ9YBQ,Zoes Kitchen,LA,29.9599587275,-90.1847210526,3.5,149,2
jXrhIVKcJ-upvglUmfC1pA,Clover Grill,LA,29.9602815,-90.0640023,3.5,768,0
CKB7u-jMFajwizT_lZQSgg,Frank's Restaurant,FL,28.3889283786,-82.6708970591,3.5,43,4
V4sqzvXqgLO86XgCNXt2Yw,Rico's Tacos,PA,40.113145,-75.340168,4.5,12,2
CcP-Xzb9HdZU63yW3YAVoA,Top Taste 2,PA,39.9141479401,-75.2415435389,4.0,5,0
PuukXxCe1V7OhG-pcViC9Q,K & J Caribbean American Diner,PA,40.0338069,-75.175699,3.5,38,0
hVNm1dAA-ZzJp-UFaZ8YNA,Pizza Hut,IN,39.7434777352,-86.0810960417,1.5,10,5
X0OLlEMMJTWhbcGwgWIFWA,HEW Parlor & Chophouse,FL,28.006031,-82.7913136,4.0,89,5
OyF6c2he3Aej9itlH8oz-A,Jewel Of The South,LA,29.958616,-90.069534,4.5,71,0
_oRpJmQchbbEGEn3Xo8OPg,Sugar Factory,FL,27.994166,-82.371294,3.5,207,3
OX1eFYQwN1iYdFd0fkNpqw,iMunch Cafe,PA,39.9759178,-75.1863302,4.5,155,0
WB4HYWe6jIATYgNVTFngAw,Chicken & Taco Loco Bar and Grill,FL,27.9244801645,-82.294961071,3.5,89,2
wo10FSEvfor857XR_Q_LsA,Dan's Mac Attack,TN,36.1615795,-86.7917353,2.5,17,1
e8IBUW8tO5XlmgD4fSMtqA,Taco Bell,CA,34.4422648478,-119.8303925433,3.0,45,0
RG7ahCWt0B_4j4HhUBPQ7g,Macaro's Catering,NJ,39.9640583,-75.0572132,3.5,7,3
LkylmoS9W6S3Z3JjkH0cKw,Rosie's Bar & Grill-Off Whyte,AB,53.515848,-113.500061,4.0,18,0
PB-tCJdbDLs5ZrewRaRhag,ShopRite of Mount Laurel,NJ,39.973507,-74.87014,2.0,17,2
wb80Gc_LDF8pdwBB86B5og,IHOP,AB,53.5131782413,-113.3217907127,2.5,12,1
zo2p1GbzhtFZ9vKynK1Hiw,El Paraiso Mexicano,PA,40.1144954,-75.3421056,3.5,10,2
V_L4yNgqG1zVbrvy7lgOWg,McDonald's,PA,40.144132,-75.167635,2.0,25,5
hJ15dD6MmaWq29xe5y0lMA,Whiskey Wings,FL,28.142559475,-82.739887163,3.5,136,5
RgemeHjio_NTGeLccvyQUQ,Asian Wok Mae Anne,NV,39.534283,-119.8694468,3.5,73,3
OeL51BtqHdORVqqjNT4YNw,Pete Sushi & Poke,FL,27.8011909507,-82.8004482625,5.0,97,0
eF1nzW54yk4UKSICwPDZFQ,Golden Bakery,FL,28.0632268,-82.3942754,3.5,11,3
IljCDlZnTftfZEruqa4sRQ,The Funk Zone,CA,34.414453,-119.689178,4.0,43,2
Wir0Sqj_M_XH1xr1eBqrUg,Larry's  Ice Cream &  Gelatos,FL,27.7364527,-82.7473357,4.0,382,0
xjKdgsny7uX46-TLm-kZsg,All Starr Carribbean Cafe,NJ,40.2412746,-74.7834085,4.5,7,0
qtlDqYE5Dnn-lztBw4qXrg,Pho Quyen Vietnamese Restaurant,FL,27.83986,-82.694901,3.5,210,0
GKcaAbGsobMVhjSFktgVsA,Beaujolais Bistro,NV,39.5218327403,-119.822186,4.0,257,5
vWWp5Q0peyI4dib-jYNoVQ,Little Caesars Pizza,PA,39.9051689402,-75.2914376897,2.5,10,2
AvTw4_Zthg42i9ERWIgIZw,The Pizza Pasta House II,PA,40.1305641,-75.1661209,2.5,27,5
jrgdYF3SQtY9u_069N4XmA,Padavan's NY,MO,38.8355345893,-90.4945267313,4.0,84,3
zn8FaVzjHMW4e2kTGz5SSA,Tamarack Casino,NV,39.4149235,-119.7554975,3.0,112,4
FJ3OEwJqi9AA_ZiCNnf_3g,Chick-fil-A,TN,36.0444894,-86.7137024,2.0,54,3
ylOEXPM_BRubwzzFeP_-OA,Carl's Jr,AZ,32.1774235,-110.9554593,2.0,12,0
zwrgCMuZyFX46mL3piDyjg,Cup Cafe,AZ,32.2221986548,-110.9666264584,4.0,862,2
LdiNRhW7nBqHub1d3Q4cOw,McDonald's,FL,27.9417703716,-82.7463810845,3.0,22,5
yXeTp8BoQUkNHFzYxSEvfA,Nam Vang Restaurant,PA,40.037561,-75.108069,3.5,38,0
8dBPK7LNnKVAewpouGoADA,Wawa,PA,39.882676,-75.345841,4.0,6,2
G8qUUwXPhmQABBIbpbV47A,RH Courtyard Restaurant at RH Nashville,TN,36.107663,-86.8139463,4.0,124,1
Hel_hVlM2_QArXG0q4VNcA,Cancun Mexican Restaurant,TN,36.0732938806,-86.9188851714,3.5,85,0
gsd6mjQ-m5oi9QsAyerghw,Waller's Deli,NJ,39.86005,-74.732689,4.5,42,2
aiJg1ucX4IoeWFwKTNZcsA,Boston Market,DE,39.736736417,-75.6228887942,3.0,10,2
WtH2z1TlxLgh5mZrGQnkuw,M.L.Rose Craft Beer & Burgers - Capitol View,TN,36.163019,-86.7914489,4.0,116,1
pFoBM2CKL6PORYUplVvuFA,Panera Bread,TN,36.0418404412,-86.7801091115,2.5,96,0
yfKe5Ne8oo4jEBXiZvr__g,Hak's Restaurant,DE,39.7207602,-75.5550538,2.0,6,1
uPaVoR6XHk12KT9KTr1WFw,ASIE,CA,34.4169271,-119.6961546,3.0,149,2
jix_EzED5rEC-Q-thLxNgQ,Melt Shop,PA,40.1806289519,-74.8726035086,3.0,26,3
8IOOFeWwW9p8auITeMtiHQ,The Eiteljorg Museum Cafe,IN,39.7685515,-86.1677844,4.0,20,5
rL1Ri1hLJy0i6LqIdn2BSw,Mary Brown's Famous Chicken & Taters,AB,53.5453888,-113.6123809,4.0,6,5
eTsQ_-fBJLxIqT6r5yaY3w,Blue Orchid Chinese Restaurant,AB,53.5405898,-113.5152524,3.5,45,0
YpUiKahyrFpc8MuRrT7Y6Q,Evergreen Express Chinese Restaurant,TN,36.041889,-86.745932,3.0,52,1
tz__wL5D6vb6g3f7Xda84w,Mojo Coffee Roasters,LA,29.9177391,-90.0961387,5.0,7,3
9N-XAq_LjfCXL2tFp2rbKg,Thee Tree House,FL,27.9419985,-82.4785544,4.0,234,3
RAwtx2OKnhhQxBurDSGC3Q,Coney Shack,PA,39.9551689,-75.199335734,4.0,33,0
9kFMEa74Y79PKFGVO7dIPQ,Vista Peru,PA,39.9494184,-75.1439592,4.0,193,0
Su8VY1rZQsOn9Wj53kuHdQ,The Grille,NV,39.5289413228,-119.8244241625,3.5,72,5
b8kTLoXBunIOwNpezYyfKA,Pizza Hut,MO,38.6406078,-90.2472518293,1.5,44,5
VeJqScDLsoA5WasQSv_Jfw,Calvin Fletcher's Coffee Company,IN,39.75771,-86.1459110815,4.5,347,5
VCeHJ1tRUVi7Vn6nPMtGFA,OwowCow Creamery,PA,40.2679972551,-74.9860275212,4.5,136,3
XVbK9uMRbQzr-nu5HH8g2A,McAlister's Deli,IN,39.956202316,-86.1156826264,3.5,36,1
PW1lvT2bJCg8cH0ClgWnBg,La Cucina Fanti,PA,40.1787166,-75.1788884,4.0,54,5
Wtr51cNrv1pYyIRg_IawYQ,The Victor Cafe,PA,39.931653,-75.166327,4.5,437,0
e1rNGKIwNi528_J7Q7_A8A,SoFresh,FL,28.0614314,-82.7094242,4.0,5,5
sxhU1NUGDYRmp2TtlTLreQ,Taqueria Don Julios,FL,27.7140664083,-82.3911842331,3.5,36,2
oxjwqehuaSp19X0VGjXB0Q,Koizi Endless Hibachi & Sushi Eatery,FL,27.9215938323,-82.3241833024,3.0,259,2
H4q5yRg4jQUD0bwIJIXUGg,Sky Asian Bistro,AZ,32.1208188122,-110.9390830994,3.5,35,0
NpdEroh0WRNfkNrJ7J9Nqg,FlameStone American Grill,FL,28.1916932,-82.6345224,4.0,164,4
NMY2ZYOYLfQyp4k_YIz5sQ,Penn Station East Coast Subs,MO,38.6760959,-90.4616873,2.5,35,3
2ZSnGlqj8JOWcN2bNf-3SQ,Metropolitan Bakery,PA,39.9482948,-75.1728154459,4.0,242,0
zqEmarWiEUQ5jl9R4t8CnQ,Plaza Mariachi,TN,36.0843658716,-86.7303311894,4.5,117,1
Du0waRmHch08QABPLIQcMw,Manayunk Tavern,PA,40.0245962,-75.221131,4.0,176,0
lud27y8azdG9rooFJqIxpA,Zeko's Mediterranean Grill,FL,27.8206907,-82.6995119,3.5,146,0
bUlmX5ehFcy7vzli2tbaMw,Fiesta Mexicana,NV,39.5579885041,-119.7797020469,4.0,142,5
gZHxtWdEB5sWE7bXTWNQTw,Subway,AZ,32.2656647524,-110.8938489129,3.5,12,1
1nFRRAsJ740DLZdXS6_chQ,Rogue Wave Coffee,AB,53.5631565,-113.5274744,4.5,22,0
BBNfFf8hSCdP3weXHe6Lyw,Strange Donuts,MO,38.581339,-90.405957,3.5,66,2
YC2-wHqRqgoSTbVGOl3Gkw,Hibachi Grill & Supreme Buffet,MO,38.592561,-90.496292,3.0,100,2
6xS8kItlMKI9eCwviIvjwg,Fresco Italian Cafe on the Canal,IN,39.7748766948,-86.1648461434,4.5,148,5
zl-LqKy7snBF4LKmiVKmNA,Smashburger,AZ,32.3462229,-110.9766962,2.5,83,4
0jDPdf7kIkjZuNDNVH8Qew,eat.drink.Om...YOGA CAFE,PA,39.9612874805,-75.6030817374,5.0,7,4
noUma64stIOSYAQ1GIIFjw,State & Main Kitchen & Bar,AB,53.540699599999996,-113.4925499,3.5,47,0
KY5ndIM2KL0ViL5s6pnNYg,Juniper on Main,IN,39.97865,-86.12559,4.5,172,1
xJJ47WxdkeDt1dvqHx-ACg,Sonic Drive-In,AZ,32.3504087532,-111.0461991318,2.5,35,4
I-23nT_0H9lEW8qFHLQ1pA,Royal Sushi & Bar,LA,29.964448,-90.05915,4.5,194,0
b8_K4jjKz3tPTQBzR6YgvA,Waffle House,MO,38.7153527,-90.4441435,3.5,37,3
10hPLwziCqeDbL5sjWtbFQ,Blaze Bistro 504,LA,30.0409215,-89.9551312,4.0,8,5
2JYu0D39QjBy6Dl4OaAhkg,Sulaiman's Cafe,MO,38.7268408,-90.39744,4.5,15,3
VEnpI4I8gstgan4QlUsWIA,Arby's,IN,39.6655311,-86.0806505,3.0,8,2
3PGuOGZCbqdhgrTvikfRRg,Marco's Pizza,ID,43.649045583,-116.4346393453,3.5,66,1
gB4nDVQY9b5w9F838p_2Yg,Kung Fu Tea,PA,40.146432992,-75.319222102,3.5,13,5
31uu55dhOGzPHAJslZp7uA,Great Wall Restaurant,ID,43.5915577,-116.3116912,3.0,61,5
nceIvptHjFjHYP9chl6Ziw,Festa Buffet,AZ,32.131041,-111.08665,3.0,70,0
LQg6YpX6Fv4QHUzf4ARdwg,Wendy's,IN,39.9494952842,-86.3514588132,2.0,13,3
Db68YzljLjv3azuwk3V1eg,Just Kabab,AZ,32.3959494,-110.9939738,4.5,210,4
YuYvesXrRf1PSp37a5IwUw,Cavanaugh's Rittenhouse,PA,39.9511145,-75.17157,3.5,226,0
nfZswvgO6iC-zIcWKbCFCA,Goodys Cafe,TN,36.280865,-86.874885,4.5,13,4
u4M4SxqehnyMI5vs9HaW7Q,The Dam,MO,38.6019744347,-90.2616712853,3.5,300,5
J-Gfo-YKtgFPSgCBZbT88Q,Starbucks,AZ,32.1624887,-110.9902307,2.5,64,0
-6osFx4NgFRHJ5NXqpHV6g,Campo Azul,TN,35.9608411587,-86.6716187196,3.0,64,3
CBvoOXl2cmQFg9AJ9mhZ7Q,Chuck's Cafe,NJ,40.2168905,-74.7429652,2.5,6,0
PcbJHYd9Lu_mL42_z1dAzw,Mission BBQ,PA,40.197191,-75.082238,4.0,109,5
rwPdi2Ept5LcVYIRUjj53Q,Angel's Restaurant,DE,39.803618,-75.508753,4.0,38,3
CQfIbhfIufT5M2BMYyeYTw,Saffron Cafe,IN,39.7759413,-86.1549737,4.0,327,5
BKVwN2btBPovpWis42Urlg,Kozy Korner Restaurant,DE,39.7535944,-75.569676,4.0,48,1
L5au-8jxTj5WUhiYNCpnXg,Fork & Fire,AZ,32.4606031,-110.9745074,4.0,23,4
moSzUuDbtt1Qt63COsBWvQ,Mr Roo's Deli and Catering,LA,30.0125259,-90.1582034,3.5,28,2
OR1jehTozILIG4FzoxJcUw,Deviled Pig,FL,27.9149861,-82.5063397,4.0,280,3
VgLZznl7Mj732MSgsnCiXA,The Loft at Sweet Water Featuring Tapped Out,PA,40.3823878427,-75.4632843803,3.5,5,1
9ZL_iQiLTPTOMm6nDLVCAw,Bryn Mawr Pizza II,PA,39.9786517,-75.2681178,3.0,5,2
S_jfDqc2TUhkraTpeZgqjg,Bakersfield,IN,39.7719812,-86.1535945,4.5,1642,5
XwF93JHnYflr2djY9tE7cA,Theo's Neighborhood Pizza,LA,30.0032243,-90.1467812,4.0,67,2
YhbpWF27GHGGUd_-y8-BUA,American Kolache,IL,38.7939,-89.976023,4.5,7,5
0c28ysQJ_M1fVToTFV-FWQ,Wingman Rodeo - Montecito Street,CA,34.4117091,-119.6960527,4.0,44,2
o0MSFpYrtsTA3AOI8yDh8w,UFO Pizza,AB,53.627424,-113.4163695,4.0,25,3
0GQ1O0vmmLiHWB0y1JM-zg,Five Guys,TN,35.945585,-86.820832,3.5,46,0
UGefDZNmnBztS0eoXWtHyQ,The Joint,LA,29.9613336,-90.0355517,4.5,1335,0
DW9rgqWWzidDLIazmTjthw,Big Apple Buffet,FL,27.7830542052,-82.7132736538,3.0,113,0
ikmrmgg45ChZj8v0Fp1_XA,Bob's Tu Your Door Pizza,IN,39.609722,-86.369332,3.5,12,0
qI2NdIdo3YK5ezlUBLIRlw,Southwest Grillers,AZ,32.23136,-110.9573915228,2.5,11,2
fPYxqMSd7yrOlxknw_aqFg,Mexico Lindo Restaurant,NJ,40.1990275,-74.730507,4.0,22,0
DIrgJzwHt_Dio8djuP3dPA,Wendy's,IN,39.9725847,-86.0028087,2.0,18,1
jrUso5L85sDzeBj7KqLhJg,Poké Island Plus,FL,28.1399525129,-82.357518838,4.5,7,1
KvcJ9vgZN8MIhsbRpXPxqA,Yogurtology,FL,27.8939095,-82.4936263,4.0,59,3
7dfl5-n6r_8EJVh811q9hQ,McDonald's,MO,38.7355475,-90.2784752,1.5,9,4
ssg1fbwkHKTxn4aPl6LJMQ,Pizza Hut,MO,38.5882976136,-90.2934165997,2.0,21,0
NY5C4Ed3Pj5vBOHNTgPokg,Pearl River Restaurant,AB,53.485468,-113.487519,4.0,29,4
z4LNDEAv4WvTI7ALmQtQ5w,Applebee's Grill + Bar,FL,27.815106,-82.638905,2.5,98,0
Ytp6XpvKFseskYaFbn8wKg,The Benevolent King,MO,38.6134589,-90.3159332,4.0,86,0
pFwBaG-6kvrGgSRfIhgPKQ,Yogorino,PA,40.0417418951,-75.4945215337,4.5,37,4
evOg5Cxy0N8IUPcxKof2Uw,Puna Cafe,MO,38.4405747921,-90.3786340356,4.5,9,1
oSuBlZFLtw4vvXx3b9g39g,Milano's Pizza,LA,30.0008761,-90.1727,4.0,53,2
AF4AyG3BS3f76hTvp22MrA,Villalba Italian Restaurant,TN,36.0410287568,-86.7426252879,4.0,243,1
FibcT_HHPxko0J3TtMsemw,Popeye's - Roosevelt Mall,PA,40.0479212867,-75.0584603411,1.5,15,0
F0XzJXvOBrl5sjTYufSt8A,China Bowl Take Out,NJ,39.9452252,-75.1180776,3.5,10,3
JtE-xxZRBYyWKWaooUye9A,Dickey's Barbecue Pit,ID,43.58982,-116.3592187,2.5,95,2
SEYmU47q4FW1IkjIXC4dGg,Sky Lounge,NJ,40.278110924,-74.8204709217,3.0,23,0
HQt5nxRVlJKTw9stwwRY5Q,Party Fowl - Nashville International Airport,TN,36.1314892,-86.6692337,4.0,16,5
0ZcYZNGb85gscHglo04qSA,Miguel's Mexican Food,NV,39.4062621115,-119.7489730084,3.5,285,4
UGEXeeoB9frA2MBPOIECLg,Golden Paan Shop,FL,28.0535141,-82.4364781,4.0,19,3
0JnsAQFvOFxPltNU_smK3w,Kaldi's Coffee,MO,38.627004,-90.193499,4.5,112,5
0EPYrxeMLh2G63HLMIgRHg,Nueva Cantina,FL,27.7544583,-82.6389119,4.0,350,0
dzeBiAu0VAaVBbMwcV9GFw,Rooster - South Grand,MO,38.6011441,-90.2421676,3.5,748,5
JGo8Wm7A9ysK5Ilpcy8b9w,Cinnaminson Diner,NJ,39.9983826,-74.9889068,3.5,55,3
nUCjyw0wQ_sjaS_vVYwjQg,Yummy Bowl,IN,39.6395017038,-86.0839141396,4.5,49,2
0006EuNe5LBARerF4RKz4Q,Scarpinato's Cucina and Catering,NJ,39.735271,-75.0475162,3.5,129,1
-PvUiRhg9Nuy0l_dJX-IfA,Liscios Italian Bakery,NJ,39.75257,-75.0783164,4.0,28,1
0n0WHhp0jvJI8ivbJQYpeQ,Tropical Smoothie Cafe,FL,27.893140801,-82.2728575,3.0,6,2
m8NqeSyNohkvYEZ22mKINA,Roman Delight,PA,40.1697026361,-75.0462260121,3.0,18,3
jbwJ6wuKBuSZ9-GGPNPVRA,Tastee Donuts,LA,29.9358873,-90.2012613,3.0,8,1
VFqjFgR9CrOeoFfkSPxXGg,Vincent's Pizza,PA,40.320289,-75.307183,3.5,30,5
aCIEDF2W4nRpL7fTk3njtw,A 1 Japanese Steak House,PA,40.18007,-74.86803,3.0,126,3
035gK3ASKDns-ojUSnV4IA,Rosewood Miramar Beach,CA,34.420988,-119.628561,3.5,189,5
nmcUYtAn8jNRXY9pYAZUtA,Gita Pita,LA,29.932688432,-90.0874556818,4.5,16,3
1O0teX-jRsmxqDYmRNncSg,Lion's Choice,MO,38.519564,-90.3433444,3.0,20,1
A5sXEcVHYnmNDs0bwb7u-w,Oketo Japanese Express,FL,27.8837395,-82.832071,3.5,64,5
uOx0sKON3JcIB993Ra3w7w,Vuocolo's Italian Restaurant and Wine Bar,TN,36.2496442,-87.0347469,4.0,43,4
x1CtK2qnlCr_1DJFNo1_vw,El Limon - Norristown,PA,40.1124575,-75.3247284,4.0,93,2
Q08nz8Y6VEDPyho_yJgimA,World of Beer,FL,27.920991,-82.3278095,3.5,227,2
X6ExflwppH41zPcnSRv0uA,Randazzo's Pizza,PA,40.2592709966,-75.084819654,4.0,62,5
q7gXzkWI-70rv2qdHXupQg,Station House BBQ,FL,28.1027384,-82.4600015,5.0,74,3
FNQnqZXrr9lWuFzRX3NSfw,Pizzeria Manninos,NJ,39.7300834656,-75.1288383,4.0,133,1
H8kS0IyJgpT2FJCgYjEO9A,Tres Caminos Pontoon Beach,IL,38.7486949,-90.0740453,4.0,11,0
98tSf-vntopx4PNMqiFItg,Fazoli's,MO,38.7531158,-90.4278922,3.0,30,3
QhgrhVKlXZtSY6gRThf8zA,Bing Bing Dim Sum,PA,39.9289898,-75.1647415,4.0,557,0
jL251AHFcygyUEfAAF3h2Q,Star Bagel Cafe,TN,36.141427,-86.84091599999999,4.0,260,1
s6raretmvrdos7CFQ3TLHQ,Joe's Pizzeria,NJ,39.894119,-74.8767312,4.0,58,5
zAS0PxknG625IhojaidCYQ,The Hungry Hangover,FL,28.185199,-82.4181076,5.0,8,1
KUsWK0Vk4npG5gcLVlSAJg,Big Dan's Hamburgers,IN,39.8176596,-86.0655255,3.5,32,4
t2NOHTihthJ9nHGXr3C8ng,El Macho Taco,IL,38.788503,-89.98226,4.5,38,5
_hzSGMHU64O1KL_uoms03Q,Sun Ray Grill,LA,29.88389,-90.026114,4.0,68,4
3NNKjjMkjYQwkrlRJ__VGw,England Pizza,PA,40.0432577,-75.052707,3.5,29,0
I2_0af3Gu4SyAq4Qdz5cFg,Original Westshore Pizza South Tampa,FL,27.9071222,-82.5270814,3.0,175,3
O0HHXvNqdsX89rE2gmU1tQ,Tokyo Grill,LA,30.021949232,-90.267332,4.5,80,1
wqpzxTiOwH4NKwr7Ruy9Kg,Chick-fil-A,IN,39.7632093,-86.330632,4.0,68,0
vgaDkuxjt8-w-0PtE8tTCA,Yolk - City Way,IN,39.7618,-86.153413,4.0,680,5
8crVeVL3pi8OFRj9c_3vxQ,Spice Indian Thai Bistro,PA,39.9763998,-75.4394572,4.0,174,2
UEGZ1nHUVb2ltGtd7C7X9w,Dairy Queen,PA,40.0873884142,-75.0399255753,4.5,12,3
SCzBI5olDzxOAmdzJOjxDA,Checkers,FL,27.9613315,-82.4021891,1.5,11,3
o9a4dXSNgvbsbaIHNvP6qw,Mi Pueblito Tacos,PA,39.9288708,-75.1467161,4.5,29,0
xt8DUB5zZUjRnPH-trYOCg,Papa John's Pizza,AZ,32.299079,-110.99589,3.0,14,2
H5KRna9A6mDQEJ2ZN0zL6g,La Petite Grocery,LA,29.9206555,-90.1000744,4.0,715,3
IMRrO1LUSq54ukcyBpimhA,Favori Deli,LA,29.9408861,-90.1279461,4.0,71,3
d1ITZ6toMoZ0J1Yt1WMbTg,The Original Corner Pub Green Hills,TN,36.1018879203,-86.8180491415,3.0,76,1
o0Q47gv_nlWYSeIZfGhotg,Wepa Cafe,ID,43.6243464,-116.2379714,4.5,23,5
ePeffa0b95s4Y677PtwO9w,ClusterTruck,IN,39.7713425,-86.1573709,4.5,311,5
tWJ3DwufXIKdlLTEw7K96g,India Rasoi,MO,38.641305,-90.26225,4.0,340,5
0RkgKEwGQqwz4noPB65O6w,Hollywood Casino St Louis,MO,38.7540402,-90.4816007,2.0,140,3
eOdJgsNyROi8TDV-F-_juA,Wawa,NJ,39.6899534,-75.0172579,3.0,5,1
lQZDL1J6xDjL7PG-5CgkGA,Wild Ginger,NJ,39.729638,-75.013687,3.5,109,1
0DkIUiK3hkM1stV8AZ5ULg,Oodle Noodle,AB,53.5398164607,-113.6142969131,3.0,25,5
vg3JmN8hAiOV1suoxTi1yA,Domino's Pizza,PA,39.962797,-75.172945,2.0,81,0
c0p9TawJSQHchy5aL8NWgQ,Rosales Mexican Restaurant,CA,34.4243075,-119.6832787,4.5,227,2
7p2AcJ8wJ7TOgM0skPUTcQ,Ram Restaurant & Brewery,ID,43.6135259,-116.3540418,3.0,146,2
ecI3FBTM0f99Fnml3kNKfg,Arnaud's Restaurant,LA,29.9558322,-90.0686549,3.5,792,0
vl1rPRIc67KtfFB4E9KwPg,Legin's House Of Seafood,TN,36.3445882458,-86.7192574,3.5,46,2
dZFlKW6M5YIhPHrLhsdCTA,Taco Bell,TN,36.23143,-86.75878,3.0,15,1
l-JQja1KoFdjaP8AJp_mvQ,McDonald's,TN,36.169214,-86.5998413,1.5,35,5
jlUyW2SS2_K54GqZ4two8g,Ann's Cake Pan,PA,40.1957102,-75.1591212,4.5,30,5
FHGI7dx-HAo2OTcy-5Ja6Q,Jacobsmeyer's Tavern,IL,38.705102,-90.1316038,3.5,11,0
aokmHGeXF6Q41Q5h7aU53Q,Sakura Sushi,FL,28.0617535,-82.7059224,4.5,93,5
EutlEgdwZHMhDzxG5ytV1A,Bahama Breeze,FL,27.9322073054,-82.3268338318,3.5,258,2
DZG3652AxmIUGmlF-hg3mw,Bertucci's Italian Restaurant,DE,39.803707228,-75.5494406819,3.5,67,4
2CxBWBtlzViH_EoIg928cA,White House Tajine,PA,40.0242831,-75.324083,4.5,35,2
qOx-ZEszYuwsPHPQmBMe_A,Bonefish Grill,FL,27.8187707987,-82.639148749,3.5,175,0
n15FxktkJgkdIrkgZllEfQ,Jersey Mike's Subs,AZ,32.08638,-110.77477,3.5,44,5
3mCBgVW0MPz_M3UKyoCNhA,El Tenampa,ID,43.6121631,-116.3912357,3.5,94,1
7pUoa0urRRWw5MM28YwyZw,Albertino's Italian,NJ,39.9166826655,-75.0708524021,5.0,36,3
2UTO8VmMZU7SqP3OL4u0Mg,Green District Salads,IN,39.712631,-86.358295,4.0,13,0
2vLwBpIqpG5Cci8K-xD8uQ,Yeoman's Cask and Lion,FL,27.9473185,-82.4550874,4.0,432,3
NEouYkXvT321KNfiGeW-hg,Little Caesars Pizza,MO,38.491972,-90.485256,2.0,15,2
CmqdTF7IPL1DStle3eISqQ,The Original Italian Pie,LA,30.021796,-90.2386277,3.0,43,1
AOL3vYXvR8PxW5lm6Sq5Gg,Hooters,FL,27.9779033661,-82.8272705078,2.5,178,5
B4QND2KdG2kqC3RfKYt8AQ,Carmelitas Mexican Grill & Cantina,FL,28.0196937,-82.7724192,3.0,184,5
hVHN_73Cuk89G13mKU4CFw,Hella Hot Chicken,TN,36.0707085075,-86.6362501205,3.5,10,3
26iUm28PTWJd9qqDe5YvKw,Pei Wei,PA,39.952141,-75.158537,1.5,10,0
KvgDY5cOy3-dmo2n5CsLLQ,Mighty Joe's Gas Grill & Deli,NJ,39.8101055901,-74.7366522463,4.5,12,2
K7l98hoZ3c6Xkb45HKjp4A,Velvet Taco,TN,36.1612853076,-86.7792336728,4.0,25,1
JFHIc0buwpn4-QHbW5sMHg,Wingstop,TN,36.078743,-86.724949,2.0,33,1
R9PWY1PtW7YZXVOaQnQYNw,Twistee Treat - Wesley Chapel,FL,28.236218,-82.353067,4.5,28,1
F-NlTcl5BHb07E7TFb2TJw,Rosarito,CA,34.411727,-119.8567951,2.5,113,0
Q4zdrVjYgSAERDNinDL4pQ,China Wok,FL,27.9037458,-82.4934779,3.5,69,3
MUUvYZzhzYemU44_DTa9CQ,Wendy's,FL,27.9820094,-82.3808219,1.5,29,3
E7lD3Wj3tX3yUhuEKYzvqg,Jimmy John's,MO,38.6224951,-90.3351495,2.0,31,0
v3EvT5coc5RkFvZabTiOcg,Kelley's Village Inn,LA,29.950481,-90.213704,4.0,52,1
HhTRD_PScoTNoJ3iiGtG-Q,Cugino's,MO,38.7989041,-90.3190036,4.0,138,4
pchEi2-tmYU2AUjxKBGJhg,ShopRite of Hainesport,NJ,39.9806824,-74.8074093,3.0,30,2
huprS9xnRgAMsjgvIXYV9w,Mister Ricks Hoagies,PA,40.0954154286,-75.1270058728,4.5,31,0
Au6bDTawKEYXUJuhq6MBNw,Kitty's Luncheonette,PA,39.9788544,-75.1110948,4.5,29,0
bjQrmBSu1A7f5vprEikOKA,Healthy N Fresh Cafe,FL,27.9361062,-82.5028742,5.0,238,3
GdEEibDpjjKVkEQzB6jiYg,Starbucks,IN,39.6423644,-86.333358,3.0,26,0
06_ObrhBE8qd2puOu-lkiQ,Buffalo Wild Wings,IN,39.7668350344,-86.1576004288,2.0,162,5
mLrt_o9RilIWH4lFDSFENg,Limoncello - Chester Springs,PA,40.0672287,-75.6485844,3.5,219,4
I79keuDOkqf1CFjYDMRMNg,Aldo's Pizzarama,PA,40.1085087244,-75.025526,4.0,102,3
8uBU5Jnjz1IwnR2wCSO0Ag,Moonshot Coffee Bar,TN,36.1688466,-86.7810614,4.5,22,1
P0QE-Q6kUqU_ydmHCIsAJg,Potbelly Sandwich Shop,PA,39.9795332,-75.1535048,3.5,25,0
MSPT9HtCXCcogbTsBJn-hw,Jersey Mike's Subs,TN,35.915535,-86.839579,2.5,26,0
BCBqZt5BKLnLhzzepnEvHw,Panda Asian Fusion,PA,39.898728,-75.3113769,3.5,99,2
iNeY7_CEDAf6AdFSaI8_qQ,New Spatola's Pizza,PA,40.3906019,-75.1479026,3.5,14,5
dvGaeV9dVOkp_GJ8xYzFpQ,Pizza King,IN,39.8918732,-85.9287248,3.0,26,4
jwEHfhS7uLK4TJgGPfnWDw,Dante's Fire,AZ,32.250057,-110.9343771,4.0,503,2
ev8KX9xeLe9fP9y-vV81tQ,South Square Market,PA,39.9457515981,-75.1794274598,2.5,118,0
VeZrqOi-LK-5DquvEhoGxw,Valley Beach,PA,40.0971620357,-75.4157508952,2.5,17,2
i9ahyW_GpP1nrMomY5BoFQ,Walker's Southern Style BBQ,LA,30.0515751,-89.9789026,4.5,49,5
SBrSBlFNRBN0bYI0xz56CQ,La Posada,NV,39.476070296,-119.7640497361,3.0,5,0
frBjqsNS16OvNL8b-DBGKw,J & K Seafood Shack,FL,27.8734294,-82.7867655,4.0,41,0
-ALqLSTzkGDMscHdxA1NgA,Su Casa Fresh Mexican Grill,CA,34.418221,-119.7157951,4.5,29,2
Y2b03G_CLiuALu2r4Rc9-Q,Casa Bacardi,FL,27.9601835438,-82.5339255,3.0,11,3
Y-0ClvJtocPYzrM0SS3Rdw,Samano's Mexican Food,IN,39.9570946629,-86.0176616969,4.0,136,1
VtSoDg3_zkKa19odl0Z0QQ,The Towne House,PA,39.9173605,-75.3919505,2.5,33,2
mUmk-jniuE54jlwQ7CQ7lw,Pizza Studio,MO,38.7414145,-90.3635428,4.0,24,4
ZRS0jT6vkyiNuhMbpjUahQ,Pearl Chinese & Japanese Cuisine,PA,39.9504256,-75.2806035,3.0,55,2
fX8Jgr_TvJsTb1HxX6BRfA,Wienerschnitzel,AZ,32.2035555,-110.9091397,2.5,11,1
X9S2ofsW-VnVvF4vEcjkBQ,Peking House,PA,40.2015237,-74.8208066,3.5,18,3
CiTYWOKcXTZYztsT43wb5g,Tela's Market & Kitchen,PA,39.967417,-75.168217,4.0,265,0
kjDXbqCihUxgDvQn1n57hA,Nook,AZ,32.2220286,-110.9711576,4.0,547,2
ozYCV1L1ACTIZuds0eyQLw,Paradise Restaurant,FL,27.9909669,-82.6920068,3.5,105,5
XRwYVwWUi8qgRxYqpEK_Kg,"Vittoria's Pizza, Subs & Pasta",FL,27.7514295,-82.7293193,1.5,13,0
prtbLd5dmtFR2DbpY6-oCQ,Korean Village Restaurant,AB,53.514288,-113.457967,4.0,12,0
y-Zx4DHEsDPmVAwlo0m40w,Wawa,PA,40.067853,-75.3099456,3.0,21,2
KnVtTqZoGJiKfkLMkSlilA,Epicurean Garage,PA,40.0769412,-75.6902218,4.0,149,4
JXucCTkmYXql9C8HGPbG4Q,Koi Sushi & Thai,TN,36.177231211,-86.7548462626,3.0,195,1
0-nBk6dQ1Br9GOoqdr1bpA,Famous Chinese Restaurant,TN,35.972818,-86.510828,3.0,12,3
WdGDHENEKgw5j9jtfopF9w,Bella Napoli Pizzeria,PA,40.130654,-75.545991,2.5,71,1
iGmVNQ_t5zKoM2HsJteAPw,Zagora Cafe,FL,28.033705458,-82.4225471289,2.5,14,3
LQRXcBw2b2licjzJh1GG5w,The Original Charlie's Pizza,PA,40.0648947115,-74.9859445267,4.0,11,3
XTFkMivGATF-enFwtD1XTQ,Bittersweet Kitchen,PA,39.918787,-75.393103,4.5,402,2
DxcI1Thd3vP36up6Dec87Q,Parrilla La Nueva Fogata,NJ,39.7985414,-74.9348341,4.5,212,5
NGdVG_rn85p3KiU9D_WUVA,Umi Sushi And Seafood,PA,39.9535371257,-75.1590228,4.5,6,0
faj9zBer7WxcwvAKYIQ3HQ,Jamba,PA,40.1563422501,-75.1410516417,3.0,29,5
LcoSh7HlJXsev0zujoFApQ,Teriyaki Madness,FL,27.9892534,-82.7309209,2.5,90,5
UZNmqlGoP21yt4hBfqCD0g,Dead Bob's,FL,27.7705759,-82.7304882,4.0,206,0
LRPcIFISwmH1IUN1PGEOmA,Burger 809,MO,38.5934892,-90.2263395,4.5,12,5
ldL1_lWOtolY1BY5zVBslg,The Abbey Espresso Bar and Café,IL,38.5498805,-90.0348043,4.5,88,4
ezNrH18XtojryQvdf6_H9Q,Sharrott Winery,NJ,39.675856,-74.875914,4.0,152,5
rzLJskZrSPj6hJHOPmJ0TA,Butcher N' Barbeque at Armature Works,FL,27.961033,-82.463713,2.5,125,3
7P6-It26918v6JDWcYlKSw,Saigon,IL,38.534196,-89.96246,4.0,95,4
Awkrb1wzFxz5w1Ixc9W3FA,First Watch,FL,27.948711,-82.45951,4.0,336,3
tuos6bve7ktOER5Fgz71-Q,Taste of Lebanon,MO,38.6456988,-90.2615424,3.5,179,5
wOEoIHeIsrxrYEbu849sFw,The Melting Pot,PA,40.0920916,-75.3920871,4.0,220,2
0QOk_IeAM38D4T_D7k_vEQ,Thanh Thanh Restaurant,LA,29.9175663,-90.0657031,3.5,45,4
QLbOnu0nyFfmAy_EfB1a9g,Tacos El Rey #2,ID,43.63062,-116.249576,4.0,38,3
vTNSSvjc2J3DSOsNRdXtRA,Tim Hortons,AB,53.4524942,-113.4855534,3.0,5,4
E2l9h35n-BpwWpV5RVye-w,Lee Lee International Supermarkets,AZ,32.3243876,-111.010058,4.5,241,4
7uze-DOgWJsJ894Oct1KWw,Amy's Family Pizzeria,PA,40.172507,-75.109596,4.0,59,5
KKvBtvPqIDnICXHlCeAcLg,LUX Steakhouse and Bar,AB,53.5416756,-113.4939856,3.5,86,0
96lUDWE1-1AF0LB-amtmTw,Wingstop,MO,38.6865207,-90.360916,2.5,30,0
70vQqNfFTdA3FmqjFDnVfw,McDonald's,NV,39.4235605347,-119.7419402003,2.0,56,4
1197WeMfKy-gUOOukAPEEQ,South Style Pizza,PA,39.9543106,-75.2442075,2.5,10,0
Lv1GgMxKIpATo307UMA2Vg,Philly's Craft Beer,PA,40.178663,-74.870948,4.0,16,3
qA3yd3WKjUqMlnfZPBEFjw,Cool Mo's Coffee,FL,28.0520506,-82.5047792,4.5,108,3
9OG4s7091KNDmEjiKNAc8A,Conshohocken Italian Bakery,PA,40.0746568,-75.2957081,4.0,47,2
M2ffQ7_fv-XRnwYr7h4zZw,Steak and Hoagie Factory,PA,40.132933,-75.1150862,3.5,31,5
pOQGEGN_UrH8rtKea0WKRA,Tropical Smoothie Cafe,DE,39.7403722,-75.6915508,4.0,26,0
OSrZ4BMMXaLSb5sxFpmA-g,La Carreta,LA,29.9315047,-90.0735425,4.0,109,0
x45_iDu3qheXFJrWNobmHQ,Von's Steak House & Oyster Bar,AB,53.516845,-113.495274,3.5,144,0
qwPpnCgmvrm1WsrmyyhuvQ,Soul Kitchen 5935,PA,40.044675,-75.149271,2.5,14,0
mHGgBAJn696kBwZx0VXc8g,Salem's Fresh Eats,FL,28.0696576,-82.4320675,3.0,53,3
mi63FnVXGeGgasWxUSeRsA,Noble Crust,FL,28.0542997,-82.5048488,4.0,503,3
qCnyEuePjyaSSYZpubxNmg,Apollo's Pizza,PA,40.1002999,-75.1540478,2.5,69,0
UgdwL5wCdaFe84wmXmwaFg,Minato Japanese Restaurant,DE,39.7438508,-75.5499494,3.0,9,1
XeCiSG9PwoRd87-MgwSWdQ,Chili's,MO,38.512675,-90.4466629028,3.0,24,2
IlAW63SepzVKroXXFjeo7w,Wolf's Market,PA,39.9482572,-75.1666834,2.0,6,0
56x9PUm3JWKqmMsaeiAfrg,Wawa,FL,28.024802,-82.542432,4.0,40,3
4lkbbB4y_kaoPdDxq0F3Hw,Starbucks,MO,38.59327,-90.497455,3.0,22,2
yE9JBfdRUlDsKaAIn0yOAA,Ichiban Japanese Restaurant and Sushi Bar,IN,39.6456861,-86.1324877,4.5,250,2
-FasKNAqishyfjAarVgJtw,The Hut Bar and Grill,FL,27.78536,-82.781503,2.5,376,0
JWfMeYHTvROqOkwJlcGFQw,Rally's,IL,38.5412776,-90.0237491,2.0,11,4
Tq1qcFHbURcncnR03YiUPQ,Luna Cafe,IL,38.761951,-90.0888117,2.5,7,0
fabhgrgPWijO6LuSGfkytQ,Gather,MO,38.6089033,-90.2149774,4.5,13,5
s0NYfUhZ4wa5c1c0EPdlRQ,McDonald's,AZ,32.2364400572,-110.9461735189,1.5,57,2
nygeujEUaSDkD53e12shRg,SIR Pizza,TN,36.0801530163,-86.9528809246,2.5,31,0
YWhh1sDTgNb7dPCLbwjznA,La Gloria Mexican Restaurant,FL,27.839858718,-82.6951905315,4.0,21,0
4sZIVBorK9nyLbK551FBHA,QDOBA Mexican Eats,IN,39.904355,-86.0845560627,2.5,42,1
1A7BfewtAi27Tln39Tlgfw,The Picnic Tap,TN,36.1696725825,-86.788391914,4.5,45,1
qdKCj1XsTCgTql1iuPB5lg,Marsh Road Diner,DE,39.767645,-75.509123,3.5,92,3
O2F5W-F-APGuZ4mX1vKVhQ,Crab Joyous,PA,39.998485,-75.232847,3.5,43,0
_ZnlXUVbNgLSa5f3pIjdSA,Hugh-Baby’s,TN,36.112419,-86.764819,4.5,126,1
UpJwKuox-tT0fKrnIbLNdg,Shamrock Deli,NJ,39.9001589,-75.0681188,4.0,31,3
nbvLzNk7wpIKG591yGE48Q,El Huarache Azteca,FL,28.0384769918,-82.7848020941,3.5,120,5
Wr7YltZMo8F_so4faYZ-Og,White Castle,MO,38.6758179,-90.2516944,2.0,5,5
vLFHb1YeRuWMJOSdZklJUg,Taqueria Del Sol,TN,36.152419,-86.841218,4.0,86,1
5ZTRe54aGmyzszwTEE966w,The Breakfast Nook,FL,28.180135,-82.464385,4.0,302,1
hLr6cRTANzEll1hGlmbgHA,Raising Cane's Chicken Fingers,LA,30.0175067,-90.239092,3.5,32,1
d93h4y-rinInIwBNvdayEg,Gil Tacos,IN,39.7433649,-86.2497065,4.5,131,5
7hf8Z5l1cSOEyNDc0oR_vQ,Gonna China,FL,28.236316,-82.346771,3.5,21,1
pBluTA4ne5r2QQq7VlyycQ,Denny's,AB,53.54048,-113.32071,2.5,24,1
mp24FaM8jpJxaowkiID-iw,Krystal,TN,36.07165,-86.636849,2.0,17,3
z2ow0b_iZCJqPykwqb-SZg,China Spring,TN,36.4192254803,-86.7991247845,3.5,20,4
67brFulhSRppWNnZ3A8HqA,La Rancherita,PA,39.963396,-75.600691,4.0,89,4
yeoutv6FkWfpvRED-Rz7Wg,South Side Pizza,PA,39.9253687,-75.1591098,3.0,29,0
r9K46WZQ_hCi8vyyHV_tFw,The Brass Monkey,FL,27.6878048,-82.7376643,3.5,383,0
NKcEhIgXDxH0bhWryfN0Mg,Pizza Mia,PA,40.032766,-75.763245,3.5,17,4
Z0IoE5tOH3J5oXTMGKPS3Q,The Cave Beastro,AB,53.498531,-113.4981,5.0,7,0
hKRU3cupDGoL4m-oBHtOdg,Wendy's,FL,27.9608902475,-82.7425142636,2.0,22,5
wvDdIjNhCwCm3TzA0KKdmw,Meijer,IN,39.8534386,-86.1239699,3.5,74,1
a-YvWwzkAd-w6VWsW0sEhQ,Jimmy John's,DE,39.7440486,-75.5483207,3.0,15,1
bB-TEdPAZ2H_jL4lz_u5uA,Chili's,MO,38.5630487,-90.4063044,3.5,72,2
4hVeYebIXf7ObiIwalpp7g,Uncle Tomy's,PA,39.932068,-75.189729,3.0,28,0
sl0O4RdLobHsM6qwpBsRqA,El Maguey,MO,38.5926588,-90.272435,3.0,42,5
p4KaROTF8mE5ewT5gxgotQ,Swarthmore Pizza,PA,39.8916723,-75.3526501,3.0,67,2
UeganzGWqaNgDC_jHWW_qQ,Mom Mom's Gourmet Take N' Bake,PA,40.2324020091,-74.9365149646,4.5,18,3
fYSaoJMOj7-r4XWEuYjRxw,Bleu Martini,PA,39.9493756,-75.1438865,2.5,215,0
PUwJCApOv4NcLBiG7xr2bg,Bazbeaux Pizza,IN,39.9780828446,-86.1294009947,4.0,210,1
QhkHGMp-6ioVn5-J0cXaPA,The Blind Tiger,AZ,32.2297248,-110.9653563,4.0,6,2
QLkzMIxzYOAGY7yk4M6-bw,The Thompson House,IN,39.6933282,-86.1449431,3.5,17,2
T9x2DwhCs_U3v7KCy9Pxbg,Domino's Pizza,ID,43.6953373,-116.3479227,3.0,12,4
4RReO7vPSXqGty_U0XAOKQ,Burger King,ID,43.6655472201,-116.2789589167,2.0,7,3
GDhTotixWJkw22CnP6L4mA,Anthony's Pizza,PA,40.1411386,-74.8752609,3.5,58,3
Lc4uHFRm3G01DERs2taxhw,Wendy's,FL,28.356572,-82.665713,2.5,15,4
QwkXk3R1EbtGAwcXit0qJQ,Dairy Queen Grill & Chill,LA,29.912359,-90.050608,3.0,19,4
GVWcwqUD-ekCMQ0x2Ke6Ww,Ocean Prime,FL,27.9611296,-82.523091,4.5,781,3
7NITtPelRe_oQRsWACI3yA,Founded Coffee & Pizza,PA,40.0126210289,-75.1836797854,4.0,104,0
HE-9l_2RSingLV2RZItdsA,Anna's Marketplace Bakery,CA,34.4294598,-119.8721309,4.0,204,0
s7CuSR98uOcxYqpc2lN7_A,Yardley Bagel Cafe,PA,40.2209759,-74.8730708,3.5,56,3
Jmk_N22L1iQ6-EZIlexqag,La Tlaxquenita,DE,39.6865751,-75.5561567,5.0,7,5
M6qDX8HZS7gOJ_pBOAih1g,Royal Boucherie,PA,39.9487583,-75.1440827,4.0,228,0
HqPFoCfaL63O5S7AbcXckw,Home Plate Marana,AZ,32.362792,-111.121024,3.0,84,4
Qr6xtvbs_jfOKeH9Kvt-TA,Sassy Angels Hair Salon,FL,27.9875296,-82.4138377,4.0,5,3
lf5FOV5Q935i652lhnGKuw,Mermaids,LA,30.0274520874,-89.9874134184,3.0,16,5
X281huZN4pHVeY2hopuo2g,Wendy's,TN,36.044093,-86.6494191,2.0,16,3
nTuw1aT5_TvDEmfPkjdLMg,Denny's,IL,38.5881807676,-89.9262110889,2.5,40,3
qRB4CzTnQy6iOO4D1FT4kg,Two Cousins Pizza,DE,39.78911,-75.6987935,3.0,60,0
uk6SlpUiJb-XV9EX0bAzLA,Los Patios,IN,39.6901763,-86.274959,4.0,87,0
KAOkwAdXQ556P_p828BprQ,Seven Troughs Speakeasy,NV,39.5248809326,-119.8116846755,4.5,99,5
NQjtuOf7GFNMf43wCFFxvg,Subway,AB,53.5881835,-113.4925832,1.5,7,3
Ek6iqYGdYtyltAxVnhtJKQ,JG SkyHigh,PA,39.9552040814,-75.1709829249,4.0,129,0
aRyP578y47vwJ4KFIicjCw,Yellowtail,PA,39.9450373,-75.1620739,3.5,120,0
EnGnfn_6KMTY2enUD3hqdw,Suzy Wong's House of Yum,TN,36.1568684,-86.7931757,3.5,466,1
LICbmW9NVcSB6d0ITXvadQ,Amerigo Italian Restaurant,TN,35.9663995173,-86.8045954,4.0,228,0
5Kn1o2ryylzHMQVNFy5pyA,Anthony's Creative Italian Cuisine,NJ,39.8827732,-75.057487,4.0,64,3
Kua8BlkrMyMDD2zGKlOxzA,HipCityVeg,PA,40.007641,-75.287737,4.0,20,2
YJn_vbvLVLySH3ZdMYlSsQ,McDonald's,FL,28.1928051629,-82.4650240186,1.5,37,1
w3t8RycX2LQZjmxM-oaqHg,Irish 31 - Westshore,FL,27.9455000026,-82.5268185139,4.0,114,3
CATqJGCwqj2YBt2yp8BXHw,Narberth Pizza Italian Delite,PA,40.0117633619,-75.2617929832,3.5,48,2
bROJqwiTOnfaKi6GwExsTw,Mare Monte,NJ,39.8958792,-75.0362705,4.5,64,3
Ze-ZHSvNxs762MuDtcARYw,La Pasta Trattoria,AB,53.526172,-113.520532,3.0,5,0
JvsUKvVRoU_PhnMsPxVqww,Port of Subs,NV,39.612327,-119.848007,2.5,34,3
1hMteDtsI0JMNBCtKpb24A,Chickie's & Pete's,PA,39.876011,-75.242965,2.5,87,0
R5nUF6qAi1tfXI0d_66nHA,Chiaro's Pizzeria & Resturant - Sellersville,PA,40.354536,-75.306092,4.0,19,5
ug27b5t8l4qZR--TuxiTLA,Domino's Pizza,NJ,39.705726769500004,-75.1134160396,2.0,18,1
hu6WwDxwgsHwY24nQUY8rg,Fishtown Market,PA,39.977509,-75.128817,4.5,20,0
jPYB-r-XuHLtn5GOFkHOxA,IHOP,PA,40.02349,-75.65035,2.5,62,4
ZzzJ2jAPFJQGehBKcrZCYQ,Yuno Sushi & Asian Cuisine,TN,35.9676763253,-86.6778679169,4.0,96,3
i9h1BSUqr1_Ukds89FhYLQ,Freshway,IN,39.9059829712,-86.0642166138,4.0,12,1
Yh0HF45_lVXa6gSSKsJY1w,Jimmy John's,DE,39.689916,-75.6590954,3.0,16,2
p1vdm8fqB2LX1eAIFCyl_g,Jimmy John's,FL,27.8143961,-82.7801543,3.0,11,0
SgQUBMOJglbjvssPHD3uhQ,D.P. Dough-Philadelphia,PA,39.9606064684,-75.1891958714,2.0,20,0
mYMPepp0QIZRk_52pWzeoA,Seasons 52,FL,27.9463699545,-82.5248121533,4.0,701,3
_-XYJgVGrNMtn_S6nPm-GQ,Vinnie's Italian Beef and Gyros,MO,38.6054902,-90.3035576,4.5,188,0
Hk077y7AFkrDo9jr3TG59A,Glow Nutrition,LA,30.0125748061,-90.1582034,4.0,10,2
MR0r9ajYAK5EeEXkpZJMVw,Tucci’s Mini Hoagies,NJ,39.8586446,-74.9878609,5.0,15,5
omwO39xLkwrW5cU7glOeWw,Country Cafe,TN,35.9908566,-87.0942237,3.0,19,0
or0TwZY2wj2Nk_xZwgOWPw,Rally's,MO,38.6260965,-90.235938,2.0,20,5
-0__F9fnKt8uioCKztF5Ww,Piscobar,LA,29.9516963,-90.073235,4.0,66,0
_g9FzFkfI37dXKaQMiafgQ,RBG Bar and Grill,TN,36.1439853,-86.6648089,4.0,20,5
XU8MGYX9oKQ0bl4r8IMqfQ,McDonald's,LA,29.973762,-90.15139,1.5,30,2
zHXpJfdC7DgF9rNc2H7N6A,Panda Garden,PA,40.256887,-75.266743,3.0,43,5
2vpflvpjxG5SbE2aSScg3Q,Paul's Penndel Pizza,PA,40.1585462,-74.9123595,4.0,44,3
4uWtKkDtDiZcmBDCsBMI_w,Las Palmas Mexican Restaurante,TN,36.0835551,-86.688756,3.0,30,3
ZL0zrXL1Py_DWVTnwbo44w,Domino's Pizza,MO,38.66254,-90.2610427,1.0,13,5
JCXcdCGpqIRXEGzhPukdsg,Porto-Fino Pizza & Restaurant,DE,39.6638261,-75.5679228,4.0,38,5
HSiktA5zdqPVULY3ThmXIg,The Alibi,LA,29.9549901,-90.0693372,3.5,108,0
AAeCJ6PF3wLtNJinMThO4g,ShopRite of Medford,NJ,39.9036,-74.820785,3.0,34,2
bqLtBdYhS-Rw1QNEHCiQZw,Asuka,PA,39.9654193376,-75.5265782672,4.5,206,4
O27CuPoWPFbYbNM2s-4xSg,Taziki's Mediterranean Cafe - Hermitage,TN,36.189707,-86.615784,3.5,46,5
82TU4eWQjPjcCadX7fpmcA,Willie Jewell’s Old School Bar-B-Q Largo,FL,27.8940304,-82.7644206,3.5,51,5
BOeBIWjryCt0EyrlAeqTMA,Meyer Avenue Cafe,AZ,32.2166338,-110.9729938,5.0,5,2
L7nIa3bd_aHQCbK9rPZZ6w,Blue Fig Cafe,NJ,39.9720151076,-74.9177227308,3.5,138,2
0o0H3YhNX1CWpF3Az7wXpA,Da Bistro Mediterranean Grill,PA,40.1676836048,-75.0675783157,3.5,42,3
yXX7xmclZkuBif-7QoyCuw,Pho Eden,NJ,39.9060517,-74.9648058,4.0,166,5
2OSz7GqL8D5-s4T7jUMLFQ,Northside Kitchenette,IN,39.8742771771,-86.1455142336,4.5,250,1
FuwM02obw0PhqNdZVE6ugg,The Wooden Rooster,FL,27.7733518,-82.6336852,4.0,425,0
8kh6Z3c8UHQKmsy0_TbOnA,Carmo,LA,29.9455561516,-90.0699020516,4.5,1164,0
fRf5bZAAPDlD2MejfSPvsA,Wegmans Wine & Beer,PA,40.236938796,-75.2453270996,4.0,72,5
4UByKRseOwx4JxwXclCejQ,Taxman CityWay,IN,39.7628778,-86.1548521,4.0,175,5
Z0lI1P8ZIvl8IDR2FPrb1w,Pangea,MO,38.8355148,-90.4947577,4.0,28,3
xOZS_ratBxU67tCU875D7A,T N Crab Shack,FL,28.0107277,-82.4354329,4.0,75,3
tGgCNNHVzCPxtKE7PkBjwg,Freddy's Frozen Custard & Steakburgers,PA,39.906285,-75.568382,4.0,86,4
J4CrtqHDH4LAyDd001cD9g,Eggstravaganza Cafe,TN,36.0101112,-86.7014149,4.5,335,3
SYm79Ee5Un6a8gxe1H1DUA,Papa Murphy's,ID,43.693771,-116.352235,3.5,11,4
p6klcK2owWoH97jHSuOZ7w,Taco Bell,FL,28.0827,-82.54329,2.0,20,3
kfi-B1KqPzcqz_pjVaXonw,Steak ’n Shake,IN,39.765534,-86.160179,2.5,201,5
73mVo1ZUJ73BrnRNEE0n9A,Asian Fusion Buffet,FL,27.750593,-82.4122158,2.5,75,2
RMYjaB5krFGCtlOLf5TBwQ,German Knodle,FL,27.7713384,-82.6479855,5.0,193,0
GnRaQ2JtQPuyEajs-i5Pmg,Chicago's Pizza,IN,39.652840499999996,-86.0646537,4.0,58,2
YLYLVY1HuQG1IvYjXyHzww,IHOP,FL,27.95926,-82.5262609067,2.5,106,3
RxZGfUmVcdgMVvAAQnW9Nw,Royal India Grocery,PA,40.0418706,-75.5331744,3.5,8,4
n752SCpfXYjeM8ztL_VJNA,Gardenville Hotel,PA,40.3725675,-75.1088868,4.0,44,5
KFKzQpM3NtQAssAWFn9eLw,LongHorn Steakhouse,TN,36.3010827942,-86.6933061265,3.0,70,2
4dMbNkFf9BLgTuvwdjrurw,Severino Pasta Company,NJ,39.910955,-75.051754,4.5,37,3
dzdZxFaDJD6zdh4NrShWkg,Wild Horse Saloon,NV,39.5447505573,-119.5563068613,3.0,7,2
Xq_gzsyvrzbOacFSJtNNZg,Chipotle Mexican Grill,PA,40.0442449,-75.3792673,2.0,104,2
Syln1xoJf9q74YfymmtbOw,HopScotch Cafe,FL,28.0161158,-82.790111,5.0,111,5
MGmAH_NZJJyK2yOTCXWSjQ,Smokin' Tacos Food Truck,PA,40.0945549,-75.1487863,3.5,16,0
hvu7MS-uEI5DHxUlogixTQ,Sages West Bay Bistro,FL,27.9166911,-82.798074,4.0,56,5
izrRlcMMXei917WAEl3s3Q,Outback Steakhouse,FL,28.2403783123,-82.35319893,3.5,140,1
QpTf9MU5EgYfm6bscRxaqw,Kilroy's Bar N' Grill,IN,39.8693803,-86.1436553,3.5,283,1
RriEN-KB0IceP7lHFiiW8A,Asihi Asian Cuisine Hibachi & Buffet,TN,36.079652,-86.952367,3.0,89,0
HTxs8GGIkkegUNDQdXCnqg,Friend's Diner,IN,39.564112,-86.091408,4.0,39,2
1rAtT-RYDYbCEFTqWcoMVw,Domino's Pizza,NJ,40.2487298526,-74.7726171523,1.0,17,0
OnR86SBjEMUg60cCyOxQ9w,The Jukebox Cafe,PA,40.3275272,-75.6483343,3.5,53,1
EW8Dl9ItnN56qJdKMF2gFw,Ginger Garden,PA,40.352222,-75.2771771,4.5,24,5
WQcwz5VJ0WZ6jaQyB3mQHw,Chicago Joe's Pizza & Pub,AB,53.61859,-113.502074,4.0,8,3
9n-1LQLX3ntBfBtMwgSpig,900 Degrees Woodfired Pizza,FL,28.1877155219,-82.3499629331,4.0,258,1
3dQaEBDWOyqDYhP3-ac7NQ,Japanese Kitchen Dosunco,FL,27.944389,-82.497961,4.0,372,3
uxHR2GuFsVYPi0H5wi89XA,Nola Art Bar,LA,29.9683943,-90.0573564,4.0,32,0
fnqBFLP47ORvStxq4lOhtg,Spice Box,AZ,32.2248089,-110.9653214,4.5,26,2
q6--GFTgJBf1c3hwFaJ-Ew,Fitlife Foods - Countryside,FL,28.011538,-82.708386,4.0,22,5
OobW2OCvMpA_Yi0TCqi-Sw,Gomez BBQ,IN,39.7811714,-86.1156737,4.5,67,5
JcKs_dbG0SD6GkZiHizl5Q,McAlister's Deli,IN,39.9506664953,-86.3443665909,3.0,27,3
cCIipUy2DdUS47MawgjMAw,Smyrna Bowling Center,TN,35.9950059,-86.498052,3.5,21,3
Oo9jD4_U2lXJR7J98ixwUw,Deacon's New South,TN,36.1632264,-86.7790065,4.0,257,1
VjtTBJqC5PM7QDsWxFNS_w,St. Petersburg's Super Greek Festival,FL,27.8047940489,-82.7443240034,4.5,8,0
MQj1dn5ZItp46VVS9xlVxw,Lion's Choice,MO,38.4463882,-90.3732759,4.0,9,1
ivpULDSBS4mP3mJqmziKQw,Cafe Amore Bistro,AB,53.5496883,-113.5068932,4.5,123,0
PCHGjcoTtsP30JcvKDov8w,Helen's Hot Chicken,TN,36.29982,-86.69494,2.5,72,2
zi-QER97KRnFsZqr56mL1w,Panda Express,ID,43.5906529,-116.2801387,2.5,40,5
tygJjsQDeVrm2Y4sHB79sQ,Cinco De Mayo Mexican Restaurant - Nashville,TN,36.1551649,-86.7825589,3.5,90,1
lTBPksND75qaWNqmlseICQ,Bria & Latella's,PA,39.9719757933,-75.3194477312,4.5,32,2
7sGgHUlpWiH-Qbskj4KMdg,Church's Chicken,FL,27.770673,-82.6810883,2.0,8,0
UaDnEIiRNCyLvrQWE4g0sg,Square Pie,PA,39.9385948,-75.1526455,4.5,145,0
AIz-s8l_vXHOOyjiykYehw,Bongos Beach Bar and Grille,FL,27.7255604824,-82.7431440353,3.5,516,0
0QSxyOzXwDdaSbeK7p3GYw,Keystone Sports Review,IN,39.8552755,-86.1224972,4.0,258,1
FyPqFGQXuX7Jkrjm6LoC0Q,Great Wall,DE,39.7352027,-75.6911104,2.5,20,0
Z6QKpencBJcmjJ19ZIYMcg,Clean Juice,ID,43.6716063,-116.2824906,4.0,11,3
4rv1vQwK3ku7W9l0qy7Zag,Boston Pizza,AB,53.4949281,-113.667929,2.5,12,5
7Uy5TkrhSW7KN_8RdIvOaA,Irish Coffee Shop,PA,39.9668092,-75.283702,4.5,24,2
JSMvJtdPVGgq9xfc298QVw,New England Pizza,PA,40.0722499474,-75.0311222039,3.5,40,3
u3E1zmKRS6Fr0g9QR-l7nA,317 BBQ,IN,39.8702545,-86.1432927,4.5,108,1
-HjH9XFJ8lS5Mq-uTsR4OQ,The Garden Table,IN,39.8707813,-86.1426408,4.5,288,1
FpYZBwVw_zdA5rfSRw4utw,Juice Bar Mt Juliet,TN,36.207830799999996,-86.5170309,4.0,26,5
NA9hS90505DKvPdRVTGPpA,The Catch Seafood Restaurant,LA,30.0011251,-90.1726216,4.5,88,2
vRCSeDG_0jYPN0N2fbPvPQ,Punjab Chaat House,AB,53.4450231756,-113.4184374685,4.0,5,4
tmroquufdrXXwFx1qiXNuA,Cafe Liz,PA,40.0342467,-75.1298054,4.5,25,0
VtiZZRMTTokVZXsfVO3BZQ,Joto's Pizza Pub,FL,27.8455235,-82.7004197,4.0,27,0
Dm5daBJjjwat47Wg281D-g,Ralph's Handi Mart,AB,53.531929,-113.461456,3.0,5,0
Y15G303S-TZh1xJQoxyGbg,Peppino’s,PA,40.271179,-75.223614,4.5,27,5
9gtBupWoY-cvBfQYVtM8Jw,Ila Mae's Restaurant,NJ,40.2160534,-74.7614547,3.5,59,0
B9zn3chR6q3yhE8-_sr18g,Murasaki,PA,40.0670312106,-75.6489607171,4.0,164,4
-JpnQBGy8daXKvMvtjto2w,The Cuban Sandwich Shop,FL,28.0453366,-82.4597264,2.5,83,3
-TjT3y-Glfnbt6LbKETAYg,Benchmark Eatery,CA,34.4233579,-119.7047765,4.0,544,2
mUhdrtcDU9ane-kaxMHlWA,The Cheesecake Factory,ID,43.6071322,-116.2785123,3.0,289,5
R6kMbqWzo6yr29HuGrRm1A,Sobeys,AB,53.4242832,-113.425223,3.0,5,4
BmPXV3ZJO5_9Cn0L7uBkSw,Swagat India Bar and Bistro,AB,53.5701381,-113.4934236,4.5,7,0
URURwZcedT6sAXbeTuxgOA,Bait,MO,38.6412079,-90.2495731,4.0,230,5
SX8d0eQ2kvy_dlPyikqZZw,El Limon Bristol,PA,40.0950307,-74.8559902,4.0,15,3
rM6bpwEQ8ybn3npCnFfY4w,Kiso Sushi & Hibachi,FL,27.9831792,-82.299156,4.5,64,2
cmKzsxufJxa9RQCVkjFlPg,Tic Toc Cafe,LA,29.993892,-90.156161,3.5,168,2
LEo6sBsQz3xrpKW-DQjTWQ,Panda Express,CA,34.4115663406,-119.8478268587,2.5,18,0
S6za38QmbFX9pAOK0E_yFA,Copeland's of New Orleans,LA,29.8794769,-90.0500479,2.5,262,4
ZTg8fGZB3bB7pGAL-aDtsg,The Plaza Grill & Restaurant,MO,38.648477,-90.3364872,3.5,7,0
MJgHI9yuGej00bemw0R_uw,Agave’s,TN,36.1244165,-86.8497567,4.5,15,1
tHc3x4ESA3vyr9UiJlL6Pg,The Pie Factory,FL,27.8811942012,-82.815704616,4.0,93,5
eV6TASovhCCBKPksZfJ8Pg,Oath Pizza - Suburban Square,PA,40.008608,-75.288068,3.5,48,2
lUftjPrSYDd5KrGVV0HrFw,Taqueria La Mexicana,FL,28.0800701062,-82.43505,4.0,22,3
XACJyX9QZnRA0FrK1-vWqw,San Carlos Grill,AZ,32.425584,-110.938092,3.0,62,4
JLGplVKQEm7u_5OZLwznMQ,Red Brick Wall,AB,53.6228919,-113.6092096,4.0,14,2
NAzLP15QrU_Fav80-JS67Q,Noor Indian grocery & kitchen,IN,39.6497155225,-86.0852576647,4.0,22,2
q-zV08jt6U-q05SMEuQJAQ,The Original Tony Lukes,PA,39.9141065086,-75.1487272304,4.0,1910,0
hxyedIXhDM48mLF8LAnX0Q,DiGregorio's Market,MO,38.6166679,-90.2728993,4.5,58,5
CZ907J8vyP0xs56ggEgsqQ,Bésame,LA,29.9551321,-90.0729736,5.0,20,0
Ouf4EObJZRsQEFZ9bmahYw,The Pasta House,MO,38.6539172,-90.3500564,3.0,62,0
Qqk-jhabBWcO0xq5_BCtQA,New Orleans Oyster Festival,LA,29.9534308655,-90.0628736614,4.0,19,0
_ZmS8g4F2nsOw24hyXcM_w,Restaurante y Cenaduría El Quino,AZ,32.1752739231,-110.967977895,5.0,12,0
O-ceM1MY4N3bJZif4REVtA,Basil Leaf,FL,27.7352325,-82.7464403,3.5,236,0
D20SSLc_NBW_0ILZMSbpqw,Delicias Jalisco,IN,39.7375832058,-86.1013682932,5.0,9,5
JzqY0fO-f1MhR6OXHv6__A,Tiki Teriyaki Burger Time,ID,43.5927398668,-116.243901439,3.5,26,5
wYYsmF6begc6ZcnPGwF9NQ,Jun Dynasty Chinese Restaurant,AZ,32.2510856991,-110.9278337595,4.0,400,2
ueSknQNYtV0jQmGEoDTerQ,The LoCal Distro,TN,36.1813267,-86.7949817,4.5,38,1
VJ4Z1gN_gWK2IFQ3Id8Z2w,Sushi Lounge,AZ,32.164874,-110.9684998,4.0,186,0
QFh-h_OZ5Io-mBk32HN28A,Kyle's Kitchen,CA,34.4182687,-119.7005116,4.0,638,2
9ueLaoXh6CNq6zf0dIRtHw,Penn Station,IN,39.782151999999996,-86.0464874,3.0,23,4
b1shfPbHpkeWtbGbz5iAtg,Rudy's Mexican Restaurant,CA,34.440062,-119.7408542,3.0,130,4
qFVYd-IZ0dXIuMB4CeeGeg,Frenchy's Original Cafe,FL,27.98204,-82.826436,4.0,367,5
xuOc-VhopQLNr4kgZ8JTjg,QDOBA Mexican Eats,IN,39.7753868,-85.9934294,1.5,70,4
JhpRI9m71ybWHkAqRdL0Tg,The Avenue Pub,LA,29.9369433396,-90.0768555684,4.0,450,0
wvD7TOuE-qUhkyXoi8K8hA,Taqueria El Bajio,CA,34.4232378877,-119.6813092,4.0,246,2
FwTIsJdOV8JVBO_ep3gYSQ,Rick's Cabaret,LA,29.955959,-90.0683657,3.0,90,0
fRb3lfmmGIfyaSkLjRylWg,Country Pride Truckstop Restaurant,IL,38.7335081054,-89.9099983103,3.5,7,5
MMhEN_Jf2Prv1t_O4qD0qA,Smashburger,NJ,39.9417357246,-74.9684742411,3.0,79,3
htx6Uime2SkiE-zC7hxb-g,Justine,LA,29.954052,-90.067173,4.0,313,0
vwxHvJSDGYM75tmjKcMXtg,Sonic Drive-In,TN,36.1927591,-86.8306276,2.0,13,1
ppgoocYga1HPYL6lsIZvnw,Bistro Perrier,PA,39.9551006,-75.2074747,4.0,77,0
NNlhukzmh9S2HUh0F0Aysg,Chipotle Mexican Grill,MO,38.5970196201,-90.2929866093,1.5,27,0
1Efjww8n7WtKtKTgDqjgdA,Founding Farmers King of Prussia,PA,40.0833331,-75.4056555,3.5,1140,2
nz5RN5C4ezvsKDyVu2pSLA,MrBeast Burger,PA,39.9618015,-75.1601716,3.0,5,0
03n4m60mWxQyNaSilKlEkg,Hogie House,AZ,32.2358613,-110.8826424,4.0,57,1
dB0h6ULGQiFuhE2G3zh-uQ,McDonald's,ID,43.6189221432,-116.4358717444,2.0,16,1
2vbbxo8E4z_41e9E3WgNRw,Play2,PA,39.9114175,-75.1745111,3.0,5,0
p4Nqswm8MH08WeuEhBdFCA,Tropical Smoothie Cafe,ID,43.5900411059,-116.2929094146,3.5,47,5
WyGTfyQLKBq1Gut5aRtWew,China Star,IL,38.4453536,-90.2205948,3.5,16,2
XfFvlwTDn3Lo6CSJcTsCbg,Chick-fil-A,TN,36.3747478,-86.476723,4.0,18,2
GLXyaMTUbIb8uX4_aWlsfA,Taco Bell,FL,28.14566,-82.7405,2.0,23,5
6jKFWxE2fJIhfwbYgwqcfg,Barcelona Tapas,LA,29.9450458376,-90.1340996944,4.5,118,3
zCiy_Eq1TaJroIlKOAal0A,Chili's,IN,39.9113396,-86.2667571,3.0,64,3
X_V6MOX7gKk94TBUAF03JQ,The Wooden Nickel Pub & Grill,IL,38.7491234,-89.9805683,4.0,85,5
Bs0JwJEUdfhL-FtLjuu3vA,Simply Pho & Grill,FL,28.0660629,-82.5018964,4.5,341,3
Y8iVXWq_C-U3POZ6yItw7Q,Chili's,DE,39.6724282,-75.6503973,2.0,57,2
ApZoKDMHiY6sm3urIcqfxg,The Broken Yolk Cafe,FL,28.0463433,-82.505232,3.5,290,3
XYYe7dnOqi1LXgN8Oa3YWg,Wha May kitchen,NJ,40.1198998866,-74.8049000278,3.5,6,0
fuO92SQMxTn87B4nIozhiw,Wingstop,MO,38.7676056103,-90.2822179,2.0,13,4
T3rmAaYv-zDGMmlQtO_SJQ,Jimmy John's,IN,39.7647726,-86.3279114,3.5,14,0
tExeZMS1okUFX5yttstYvg,Capri Restaurant - Meridian,ID,43.648009,-116.411785,4.0,19,1
2XEXr1Ba8V8qN4IGADNliA,Kukurukoo Express,DE,39.7137355,-75.611102,3.5,12,5
IdFF45ev2i3jZU8UUOgYOg,LongHorn Steakhouse,NJ,39.939531872,-75.0130906364,3.0,119,3
hWGMdTAvBJYQC8_scQv4Bg,QQ Deli Market,PA,39.9560857,-75.1603557,3.5,5,0
2slMzsb-xiqUG-SLqh3HCQ,Montgomery Pizza,PA,40.2393005,-75.2338452,3.5,34,5
m0za_1Ocf0Q0rxlBYVDq7g,Paradise Inn,PA,39.9740992,-75.1812936,5.0,8,0
k5flhAXnM0IWO8wMURk1Ew,Bella's Restaurant & Pizzeria,PA,40.099046799999996,-75.1265807,4.0,58,0
qes5_YVMo1P4B8p6BbT40A,Delmar Chop Suey,MO,38.6395536,-90.2268937,4.0,10,5
UhNeXD7-v7wDZOqxNLgLXA,Asia Garden,IL,38.6961307,-89.967975,4.0,54,5
8zj1XfFc4YcjLOr3F86DuQ,Imo's Pizza,MO,38.6018286,-90.4368053,3.0,18,2
Ijm5KviHGIOoZR0AFIhiVw,Chachi's,AB,53.4425506,-113.4831291,4.0,17,4
yZujhEHgFoNxYoNuqL4_xQ,Five Guys,FL,28.1959887457,-82.3947459824,2.0,7,1
deNOTM_X7PF8W3E2cKWXyw,Juniper Cafe & Bistro,AB,53.532183,-113.46138,4.0,40,0
wnaSIsTY4IDAP-kQ440fcw,Nice Shaved Ice Cafe,FL,28.026351354,-82.5527389,4.0,22,3
GiSQ8fXpAs3M9Y27BgEd4Q,McDonald's,TN,36.2198535903,-86.6945156589,1.5,60,5
s_dMgCtQSMGBkru_nkfTpw,Sunday's Best,PA,39.9609773,-75.2243756,4.5,9,0
PbLOYYF-qoENx6Cy2zLK7w,China King,MO,38.7284712084,-90.2758658412,4.0,9,4
CGpwDytO5spD4y11BZy2LQ,Gong Cha,AB,53.5439154,-113.4976226,3.5,18,0
WM18UYsMn4EOwc1s1cCoAg,China Inn,DE,39.6866194,-75.5561681,2.0,6,5
r9RdpSEb2-0SGD_UcvnDkA,Four Seasons Diner,PA,40.0441858,-75.0529466,3.5,195,0
7rAilzfJv8d0hGD7L4ru5g,Main Street Pizzeria and Grille,PA,40.1758538,-75.1236843,3.0,53,5
tDxZHakdC1C67XVC2QUVKQ,Zaccone's Restaurant,PA,40.040781,-75.0478131,3.5,48,0
_Q3XmBesceFqn9Dk-w6tlA,Artisan Boulanger Patissier,PA,39.9264181,-75.1664513,4.5,194,0
dx172W6t0q52Fp-VDZgOzw,Checkers,FL,28.4634734965,-82.5414275005,2.0,22,4
nMDteyIwo3zLbqm45xBwFw,Prince Tea House,PA,39.9553481,-75.1540592,4.5,176,0
M1-pZ02nty3nd6rLWBLJjw,Castelli's Restaurant at 255,IL,38.9220002,-90.1085443,4.0,107,1
stAPGCcWDJkNWA5u3nqa8Q,Tacotacomexican,PA,39.953222,-75.210254,4.5,49,0
KQgCflC8eqJU5kvJkByXzw,Yamitsuki Ramen,PA,39.9535423,-75.1574552,3.5,478,0
aUw00WukjFdNgJT0j-MIRA,GG's Bar & Grill,IN,39.882586,-86.071488,3.5,32,1
86cSxahOGt6_PTL_m3S-2Q,Cathay Inn Imperial Restaurant,LA,29.9780315992,-90.204952293,3.5,34,1
HoDYyczaBBJ3VmIb3qwn3g,Taco Bell,TN,36.202212,-86.738704,1.5,70,1
QsdU3BQJH_wes3hI3bdHBQ,Slyce - St Pete Beach,FL,27.7348227,-82.7468083,4.5,14,0
MToK8FtQaCfdga3B62vRQg,Cafe Gala,FL,27.7660223,-82.6315467,4.0,50,0
vxVpJAs2pT42tkFJ06U9-A,Poydras & Peters,LA,29.9481535075,-90.0660329015,3.5,21,0
Nm-dWNSSUtn4kLOijYhT1w,Hardee's,TN,36.0776587027,-86.6413808208,1.0,5,3
g7uv5VJ645cCh0ofch6KTQ,Diamond Street Bar & Grill,LA,29.942194399999998,-90.0659545,4.5,303,0
aJo2RCCULkpQwrEL2V6eAg,Fletcher's Pizza,TN,36.16938,-86.668152,4.0,43,5
nVVyZOyB3u605pdUtG5NTA,Grain and Berry,FL,27.9324458774,-82.5070745308,4.0,78,3
pYs54pWZ_ajw_c92ptzB3Q,Lightbox Cafe,PA,39.9404206,-75.1496878,5.0,5,0
aoi5wmCh-imzdq3nVRIe5g,Nojaks Tasty Foods,FL,27.9506771,-82.458829,5.0,5,3
tEWZp2wIkNmOblKgZr32lA,Wawa,PA,40.1006661,-74.8518311,2.5,8,3
MGwRMnfgxPrk9HJ_a2GfeA,LongHorn Steakhouse,PA,40.2195829,-75.1405756067,3.5,105,5
gOJULPLJRurnvJSBX5A7Dw,Home Style Bakery,TN,36.070866,-86.63565,4.5,66,3
9WGrXMnoOJD8VPpKUr3Q7w,Noodles & Company,IN,39.7159156,-86.3572821,3.0,56,0
8rqwDuBus44caM9fPp52ww,High 5 Grille,AZ,32.3239384,-111.0431998,3.0,17,4
svMo6g8n3oyvSOIvROj5GA,Corner Club,FL,28.0107849,-82.4427651,4.5,21,3
Qd8J4y-NmCkhbIbFjLByXg,Speck's,PA,40.1832727,-75.4439862,4.0,131,1
TDQvRDtiQs33U3TclSWPyw,Sonic Drive-In,AZ,32.2759743,-110.9606172675,2.5,24,2
mGoQMbEDw-vUWDh8o1fouQ,Penn Station East Coast Subs,TN,35.89944,-86.87555,3.0,15,0
0_J_SEJLxSjHcFfGgWeWow,High Street Caffe,PA,39.9565904,-75.6015764,4.0,208,4
0a1KouvHD546FJ27sfW8SA,Ristorante Toscana,NJ,39.8998050642,-74.953078901,3.5,159,5
SZZj6OFa3--myhykIoHc2w,Stars Sandwich Market,IN,39.7738071,-86.1553436,4.0,32,5
z5zldrFYIgJEkWDjEp-QZA,Popeyes Louisiana Kitchen,PA,39.9527023,-75.2566337,1.5,10,2
X_7PkPpDBnZX55D1apguWA,Golden China,IN,39.7489658,-86.2889658,3.5,17,0
istQgS4BsU7YFoysNYOIlw,Hawkeye's,AB,53.540203,-113.496073,4.0,24,0
s9M65KdbIrTktB2Wic9Rmw,More Than Q,NJ,40.3651757,-74.9451239,4.5,282,0
7AhUmbV3AO2_iNpHHbN8WA,Happy Garden Chinese Carry-Out Restaurant,NJ,39.818384,-74.9816284,4.0,6,5
62eQzOWKmzsIJnJN33vofQ,McDonald's,PA,40.1945834692,-75.533655,2.0,20,1
ZUPnWlLgqnU1PVtF6Q9-HQ,Lan's Asian Grill,AB,53.5712024258,-113.4986457553,4.5,112,0
QZxFTP-90BYLS-fBgcdHKw,Tony's Pizzeria,NJ,39.8113355851,-75.016611,3.5,14,5
rnGZEp-0YbCFiDmSZXWgLA,Tex Mex Connection,PA,40.2116486,-75.2777328,3.0,223,5
XIR6VBtBm5L9CzNqzEPKng,Three Countries Pizzeria,PA,39.9321252,-75.1723005,2.5,42,0
UnsaMTTvRPuy-IzOStXfGQ,Kountry Kitchen,IN,39.7867755884,-86.131153889,3.5,16,5
h-bc5U7i9z5NZkOm32HMzw,Chicken Holiday,NJ,39.91534,-74.926856,2.0,23,5
1Ob3XOZ9LqmGSc1sB4cLVA,Riley's Pub,MO,38.6022147,-90.2398216,4.0,61,5
viPM-ey8UNXBajpPriuKnA,Country Pizza Italian Grill,FL,27.9073152,-82.7300051,4.0,80,5
JrDLf5e-awIC0suNlK39Zw,Locust Rendezvous,PA,39.9484648948,-75.1658053,4.0,230,0
Ra9zH1CBYtAC6vMfKYsHew,El Gato Negro,LA,30.0048338,-90.1123071,3.5,319,2
DBaNMnT-ful2ormPOjdIwg,Market Street Grill,PA,39.9592228,-75.6051047,4.5,233,4
uvVdAiwq-YAuISF3i5YJcw,Beer Sauce Shops - Sunset Hills,MO,38.5472987,-90.4041001,4.0,10,2
qck6waU6WlXBesRKmtsWfg,Kaldi's Coffee Roasting Company,MO,38.6386891987,-90.3076918297,4.5,235,0
ElEbumta2ujV9PTx4OGbVw,Columbus Inn,DE,39.7576318,-75.5711996,3.5,144,1
h3dUyHGGx69JUaB5v6OLcA,Village Bagels,NJ,39.744347,-75.2246605,4.0,41,1
ggmN08IvJVrzNlhbkeLQgA,Saratoga Restaurant,AB,53.4573449,-113.4939647,3.5,32,4
WetGZHi6Q_A-zxujdzjVJg,Loco Pez,PA,39.9487664234,-75.2169698104,3.0,124,0
_9Z3cuZQBOGv_XzSG4ewHA,Piazza Gavi,AZ,32.3053588112,-110.8439280573,3.5,322,1
d-tWHTsqPKpCMDKs99mwQg,Happy Dragon,IN,39.9575328822,-86.0119519407,2.5,50,1
WhG8ilHPeqPq9k6vTiiHbg,Five Guys,AB,53.4412081861,-113.4899839715,3.5,57,4
Vn5VpjRgc-rLW1ydifHbGA,Burger King,MO,38.4699353,-90.3055779,2.0,8,1
IM0gPEyNRUoZVmYZhwuBpQ,LongHorn Steakhouse,FL,28.1938058009,-82.3911658704,3.5,104,1
nOb7prgd7t8H0-AE1Zh2VQ,Maple Street Biscuit Company - Riverview,FL,27.7915878,-82.3293821,4.5,66,2
HD8QZaZdFkymJwKn8_CVQg,E. River Bar,AZ,32.27492859,-110.8743844,4.5,9,1
0Hdvz0Ups_nN9kIb3uo4VA,Curran's Irish Inn,PA,40.0759765364,-74.9543717313,2.5,39,3
Xv5rxZGfOQvhJHhsBLjW-Q,Mimi Blue,IN,39.9146201,-86.11124,4.0,127,1
ptL0bCrXmOiL1tfe4g6TQw,Hickory Falls Wood-Fired Grille & Bar,TN,35.9786999,-86.5648749,4.0,300,3
CoZ2mpsMBP8HUG1ymKoZTg,Opal Restaurant & Bar,CA,34.4247634,-119.7067564,4.0,954,2
O00tp5KyzMPqnvjRLhGSKA,KFC,FL,27.9382816373,-82.2998280981,2.0,8,2
X-lGF6aL8RIO-3ROlxcZYA,California Tortilla,PA,40.213036,-75.497846,4.0,108,1
RmGrmzGAx7bmCa4t3T1YEg,Super Wok,NJ,39.8505193,-75.032769,3.0,5,3
lFuja-ynvWAMLOqgw4Hzdw,Subway,IN,39.6171484008,-86.3814904888,2.5,7,0
kkfR05FAonhPBeIjIuANAg,Femi's Pizza,PA,39.9178448,-75.2829676,2.5,80,2
HQu9bnJ4IaW6B7XbGWX-bw,HotBox Pizza,IN,39.910569,-86.074768,4.0,32,1
HzrhkVQA56EsCrrsWy1-Gw,El Panchos Villa,FL,28.2395173,-82.1831002,3.5,6,1
6fYIlInL937IBuHmocfiBA,Silk Road,LA,29.9650322,-90.0519265,4.0,183,0
lk-qUTX--n9CZWAGTxjB8w,Atrium Bistro,PA,40.12322,-74.9779547,3.0,11,3
TpLyNlRVcXREIw-94yOIaw,Falafel Time,PA,39.9451651,-75.1791734,4.5,83,0
La_MSvvYGXg8iEhYJ8t27w,Chick-fil-A,NJ,39.971028218,-74.9114857,4.0,55,2
xd8pGFwKA1XYhoMZHKikeA,MotoSonora Brewing Company,AZ,32.2090595,-110.9558095,4.5,43,2
b2Tr2RnakZxZxtZpxJ4puw,Clary's Bar & Grill,NV,39.4977738,-119.7989926,4.0,214,0
YWHjn0eLLtdj-w0v4XoNkQ,Mercel's Bake Shop,FL,27.8493623,-82.7006727,3.0,44,0
NsAiuECBpHID6rZuGCz26w,Founding Fathers Sports Bar & Grill,PA,39.9439544,-75.1692787,3.5,173,0
51jium4RFWESPIPeu3fgAA,Honey Baked Ham Company,TN,36.302405,-86.7021877,3.0,7,2
1ipr4W2ApXdAyOmRE4AIkQ,Serial Grillers,AZ,32.3063642,-111.0092471,4.0,306,4
gFv4pY6xA7VeRYZnRPRZ3Q,Shade Restaurant & Bar,MO,38.8012330272,-90.3147387877,3.5,24,4
DLfIijV3snggXCEe2tPHPg,Meramec Jack's,MO,38.5501579807,-90.4905641137,4.0,44,2
Z0mBsgDzDnFAEC5o4X6G9g,Java Station,CA,34.4394311,-119.7719422,3.5,196,4
juU0THi7QojPDnGuxlH5Sg,Gyro Cafe of Smyrna,TN,35.9970321,-86.4982899,4.0,17,3
zrfPrfX4AMGEJ_AHF91J_w,Indianapolis Marriott Downtown,IN,39.7666303883,-86.1648058891,3.5,161,5
TcphB_hGHIRQe4McbbUoPw,Dairy Queen Grill & Chill,AB,53.5026948612,-113.6288800836,3.0,7,5
3MxqUULPi_xAb2IeClrzgQ,MrBeast Burger,IN,39.6285649468,-86.1212368693,2.0,8,2
xtWIORPp-HG2LWtz5jQtiA,Tortilla Press,NJ,39.9162726,-75.0686486,3.0,318,3
4NCwkUlZc7eJs5bTVeeR4A,Sunset Grille of Hernando Beach,FL,28.4815368,-82.6506862,3.0,11,4
mSJinzkxprOIB-25I4r2sQ,Wok Box,AB,53.4784747,-113.3708561,2.5,14,1
70kwtAF7XEtP2WZkOn34fA,Bazaar European Deli & Cafe,NV,39.490818,-119.794299,4.5,118,0
l_slvEnh4v3W8BXF1gYlcQ,Baja Sharkeez,CA,34.4171787,-119.6963836,3.5,655,2
5JjZQr91HqTGUhpdHaV8tg,Sushi Spot / Hibachi,FL,27.915278,-82.749628,4.0,212,5
Tc_8MjXB7x847NRBSVIUdw,Roux Bistro,LA,29.9518573,-90.067925,3.0,13,0
A_5s3h2IJAKDbc27aSZKTA,China Lee,NV,39.5573036,-119.7050022,2.5,17,2
Di3LKw_5zi4PTCIh0LdbEQ,Pumpernick's Deli,PA,40.2347653754,-75.2390482528,4.0,355,5
XI99CG-lx3OH7oVeRTejvg,Pastaria,TN,36.1517081701,-86.8198794742,4.0,395,1
s6H6_9uQT6e0NY81HOqFGA,Imo's Pizza,MO,38.700331,-90.288968,2.5,6,4
E-MQIeMGbcbHWtl8-WMxow,Philly Pretzel Factory,NJ,39.74433,-75.226008,3.0,5,1
uvRatMC-cQA8cq1nnPWknQ,Paul Manno's Cafe,MO,38.6803948815,-90.500399414,4.5,176,3
ep9S1yrEiSo_WxXbTSPjkA,Subway,AB,53.5551183,-113.6161789,3.0,5,5
IFDSkUDx2Ta39ktw4-Lg2A,Calgary Trail Noodle House Restaurant,AB,53.494891,-113.4980976,4.0,12,4
-9lL4yFBX_7XVqUr8cwytg,C'est La Vie French Bakery,PA,40.3641052655,-74.9506238178,3.5,131,3
xv1jrIOGNx99gIGPv1yOcw,Waffle House,LA,30.0044619,-90.0355517,3.0,33,0
fmlU1_s_2hAHHpXlCIXPVg,Decaro's,IL,38.8905235,-90.1768261,4.5,33,1
Wy_7BrENm4clF9u_XRLPIQ,Joe Fassi Sandwich Factory,MO,38.6132731,-90.2807542,4.0,111,5
zLbDAJyWh5dFFqKj27rmDA,New China,PA,39.9085562,-75.2854107,2.5,14,2
DxnbnDc2Bww20e2DBrc4Qw,DE LEON MEXICAN FOOD,NV,39.513781,-119.829137,4.5,72,5
J-iale4ilYuAXjnfLyYl1Q,Beyond Bread,AZ,32.336562,-110.976099,4.0,256,4
vyKI1AchzGhqIZxZ9smWMQ,Los Arboles Bar & Grill,AZ,32.2225482443,-110.8786217496,2.5,5,1
U44pOBmOAXr7PDCc1NStPg,China Garden,FL,27.917872,-82.764172,3.5,28,5
bqbG3zuoy7VnM4G8KBpi5w,The Club at ArrowCreek,NV,39.4119905011,-119.8097350564,4.0,34,4
7NEIGT2rccjoojzMvmKCzw,Domino's Pizza,LA,29.9697755,-90.0503944,1.5,44,0
Lvxzjhsupfp4rd2oZbkh4g,Bison Coffee,PA,39.9599273,-75.1657232,4.5,10,0
0cRXy5Q6Z19UjcsBCVeuOg,AJ’s Jazzy Grill,LA,29.9718022,-90.0672477,5.0,6,0
5kraiWlkR8E70XP_loyPKw,Leo & Joe's New Jersey Pizza and Italian Restaurant,FL,28.331062,-82.669136,3.0,62,4
Gc8UnWI9aDo8mb-YTDkh3A,Dairy Queen Grill & Chill,FL,27.7903773285,-82.3343083262,3.0,19,2
F9jfjlNRuFk4WrMPdsr7CA,Lucky Wishbone,AZ,32.2528088,-110.9443822,3.5,91,2
GC8ie0IBCv9hOAgpmQIqAw,Boston Market,NJ,39.9406476,-74.9622847872,3.0,28,3
wGrlJ-BhKN81b_ulS5vuNg,Subway,IN,39.9626427391,-86.1169331904,3.0,11,1
TiYGVQxNQ-wkr63o0JwaEA,Haegeles Bakery,PA,40.0263317,-75.0572246,5.0,45,0
l8Cs_Pl6p2TvY72MNg2AWw,Restaurante Colosio,NJ,39.7480066267,-75.3097930178,4.5,101,4
27m-xVHWyrY0unyvBnWz4Q,Island Crew,FL,27.9963487882,-82.4341227114,4.0,58,3
sj6_YDuE-s5T0otq1KEfMg,Llywelyn's Pub,MO,38.7812826,-90.4811763,3.0,208,3
3kekYyYbsDzev5y7vj6HAQ,Doña Kitchen,FL,27.9451102274,-82.517388761,4.5,36,3
rlWSIBm8rpEKZzpG9X9Jsw,French Press Coffee House,LA,29.9957301672,-90.2177561576,3.0,54,1
19EuqHznljFunkULhLnTJg,J.T. Bankers,PA,40.3534142,-75.3054581,4.0,29,5
GQiYkSH68NUKTKmU-c3Xjw,Wendy's,IN,39.6067867765,-86.3631894256,2.0,11,0
jo2cHpqINrC9tGFt28jxFA,Domino's Pizza,NV,39.6260045,-119.8826564,2.5,56,3
0U73_v6TeWCKdiVIXM5hcQ,Dooley O'Toole's,IN,39.9617906819,-86.123984213,4.0,80,1
I4Szupt_YHzR9dczcNzfeA,The El Bar,PA,39.9717648,-75.1354975,4.0,160,0
zN1nWYBHTL4T4onTRoqE6g,Children's Hospital of Philadelphia Cafeteria,PA,39.94892,-75.193868,3.5,28,0
_eT4D7Rc1LAcHFLIekrp-g,Crazy Bowls & Wraps,MO,38.6088313,-90.3679394,3.5,64,0
vBGuKPlsx4UyOwvtABeOKQ,Hunan Express,MO,38.5976219,-90.5287454,3.0,29,2
d0E938M2_4kcuULUdnj-Xw,Brass Bear Brewing & Bistro,CA,34.4141317,-119.6886868,4.5,269,2
GvLJDYT797K2utTSH-ZpKw,Sportsman's Grille,TN,36.0996407,-86.8709412,3.5,76,1
2JKbWGJeE3LdwHJZSeAGEg,Portland Brew East,TN,36.182665,-86.7347025,3.5,114,1
vazIiCEnWauQBN0FlswN4g,Papa John's Pizza,IN,39.880814,-86.2472292,2.0,12,3
YuatbQ1sfTFnmfgjzVDv-g,North Italia - Nashville,TN,36.107812,-86.8154375,4.0,225,1
3zfXupWFqA809Cez3oQbSw,Roma Pizza & Pasta,TN,36.076765,-86.921361,3.0,34,0
HzK9XhAYOCgy7OQ2csxDfw,Grants Neighborhood Grill,ID,43.6187649,-116.4156898,4.0,161,1
p7T92CqwkXOPPreatUcjRA,Riverside Bar & Grille,FL,27.683521,-82.446363,2.5,9,2
21g5MH9kPJGrK9le8dptOQ,Richie's Bar & Grill,PA,40.1994419,-75.1200239,4.5,21,5
FZSrUCl8DqHquHjV2qPuQg,Vinny's Pizza & Restaurant,FL,28.0005853516,-82.7548317611,4.0,55,5
LuhrYmlg-L9rYlju_kOGxg,Burger King,TN,36.2498474024,-87.0334777022,1.0,9,4
5zldWFm-ExDsDfQ9Frb_3g,The Corner,PA,39.918290999999996,-75.389177,4.0,148,2
ZtZNEwpzAh0uKUKA1Gg-yw,McDonald's,AZ,32.352251,-110.973893,2.0,52,4
hxPnlWZmirx7neooZykmtg,Sutton's,PA,39.9771594076,-75.1436727494,5.0,74,0
d9OTctJEITa5DmAvWpKfoA,Arabella Casa Di Pasta,LA,29.9684864,-90.0549359,4.5,228,0
W_32KZk49L2ATbh9w9Tabw,Pivot Bar and Balcony,IN,39.7646003,-86.1567136,4.0,22,5
3YeGKN_HFj--UmzZrYviPA,BK Brunch,NJ,39.9638996121,-74.8065670387,4.5,7,2
-TgNuaotu3vobBRt5KyiVw,Steamboys - Nolensville,TN,35.9889891801,-86.6804402727,4.0,28,3
Qw7tz-UkPrpXaVidWuab4Q,Philadelphia Museum of Art,PA,39.965573,-75.180969,4.5,767,0
E6XroNxiqhu5lTBRNyd69g,King's Corner,PA,40.0941666,-75.12774,3.5,149,0
zCRJdX7LsTJre965Vsq9zA,Guido's Steaks,PA,40.0813277,-74.9434138,4.5,32,3
Bp2AWqJLBJoBjBwh85rDAw,Valley Forge Casino Resort,PA,40.097023,-75.4163423411,2.0,289,2
UcThXwCOpIgYL60qDIMT-g,Kebab Gyros,TN,36.1643272,-86.7788884,3.0,10,1
PB8NfxXaAMcCUm4EpLzQUQ,Smashburger,ID,43.6031539,-116.2829429,3.5,114,5
OfU61RvECnaAbiVDjZ7l8w,Sam's Silver Circle Bar,IN,39.7580001,-86.139527,4.0,70,5
zvONTbIQndGqHmOxD7e_RA,St Petersburg Country Club,FL,27.731051,-82.660711,3.5,8,0
ROba4NVdG_m4ro3GYSfLzg,Panera Bread,PA,40.1431669,-75.1183735,2.0,63,5
-M7wzxpUsdSkQd9PDGsJWA,Tyler's Donuts,CA,34.3946609,-119.5129325227,4.0,52,3
AZNIcNWYXphA4eg7V-fnDQ,Tijuana Flats,FL,28.186431,-82.3585168776,3.5,73,1
jNhK4RBxTAP2HH6rK8oXZg,Sal's Pizza & Restaurant,NJ,39.7900841242,-75.1772770281,4.0,47,1
Q4_uwzXOKX5jv1I6SBR9ig,Savona,PA,40.062078,-75.340573,3.5,184,2
wKxMpqTahZzLOSC_hPSSog,China House,FL,28.184034,-82.7390656,2.0,16,4
M-oi_kkI0AhbR-xqR5yrNA,Jimbo's Pit Bar B-Q - Tampa,FL,27.9451443753,-82.5122690797,3.5,267,3
u86rWYwiqTDk-c17qorF6w,Wingstop,TN,36.1515847,-86.8032619,1.5,28,1
byoDydOvUHzbSv4VtD9Cpw,Jersey Mike's Subs,TN,36.190394,-86.798234,2.0,36,1
5IcLXhn5RYeYwXPjwPW2_A,Panera Bread,NJ,39.9204512,-75.03514,3.0,76,3
4t55NRl2MbtM7I_yFca6fQ,Roman Steak & Pizza,AB,53.5883241089,-113.5418775769,2.5,9,2
IGxrAQcqw8Mr1x9WLXQsNA,Hawthornes Biercafé,PA,39.9410364,-75.1608686,4.0,716,0
dCej8zB_aXDFxxl8kcUC1g,Wawa,FL,27.828691429,-82.6802141136,3.0,26,0
aKZrfLHwqOMlYcDYDy_OEQ,The Bagel Hut,PA,39.980309,-75.156274,4.5,32,0
6W7BXh5dHiWml8zwvvtR4Q,Euro Delights,PA,40.20282,-75.3740093,4.5,47,1
U_eTZFGsWryIrD1dM1P3Rw,Malay Thai Kitchen,PA,40.174214,-74.83044,4.5,133,3
DpDdhCvjjmjUJxPleSbDhg,Lucky Lobster,FL,28.014582,-82.7889974,4.0,491,5
khJNtyRfPwQ0ybr3tPeZ3g,Layla,MO,38.594011,-90.3609344,4.0,138,0
Gfegg1vwKJJo-EfEujQ-nw,Parasol's,LA,29.9264376,-90.0801336,4.0,546,3
Pxwakdi4YNT51F6Es0-04Q,Holy Hog Barbecue,FL,27.8927992,-82.2841061,3.5,48,2
eBxc95u_Gcs9bLST0UntOQ,Santa Barbara Chicken Ranch,CA,34.4352389,-119.7245736,4.0,378,4
1wa8RxjmRoz5k3fm-pE6vg,CAVA,PA,40.0078698,-75.2884793,4.5,37,2
X_M31m2hTOXQgsP4-Inucg,Hong Minh,LA,29.9047082175,-90.0730192577,4.5,100,4
QuGOmEIrZtLQWWWnTzmjkA,Krispy Krab,FL,28.0190397338,-82.3930794807,4.0,5,3
1bzQnwSL3EsGqADWiPDF6A,Capital Tacos,FL,28.2559115912,-82.4734526095,4.5,611,1
XzzGAAk_E3FJ9bdri71oCA,IT'Z A Philly Thing,TN,36.0766386536,-86.9474941212,4.5,60,0
K-iaKQlCoJzCBAy5qngkCw,Thai Bistro,FL,28.0696389,-82.4301272,4.0,108,3
7vyCK83MyJyrrrFHdEmSYw,The Hungry Greek,FL,28.195274,-82.52229,4.5,44,1
E3WUDYEvCVMplIFMgeN1xw,Cajun Kitchen Cafe,CA,34.419398,-119.702048,4.0,519,2
z-2pRvQXAWqcZdLW2fKj9g,Deerhead Hot Dogs,DE,39.7238954,-75.5920275,3.5,20,1
UjgqSqa4Biy34pHSEdwj_g,Gino's Sicilian Express,CA,34.4221006,-119.7037011,4.0,253,2
j-WKXu1uJbB2AvY09we9ZA,Lorenzo's Pizza,PA,39.9388819134,-75.1579891,3.5,107,0
GOiJUF6wW5ugXd_4u4lKpA,Redhouse Bagels - Bellmawr,NJ,39.8653498,-75.0784989,4.0,25,3
pjbWU2dMUgPLfnLakIAivg,The River Room,ID,43.60778205,-116.1945271,4.5,18,0
xZc-23PEAKIzE9vg8hVd1Q,Take A Break Cafe,FL,28.0231486,-82.524956,3.5,19,3
kC6C9mqUq_hMUYZZ-5kKWA,CJ & Eck's,PA,40.025409,-75.212968,4.0,52,0
Kql3-jTrHFwOHdnFEcmutg,Ichiban Sushi,FL,28.1924921916,-82.6378916846,3.0,84,4
unkAACN449zW3jtS8N2yiA,The Coffee House at Second and Bridge,TN,35.927394,-86.868338,4.0,147,0
zQRfKDToXJJaZcLX7xbR3A,IHOP,FL,28.4863958944,-82.60296,3.0,33,4
qbt1zCsv5aDQoGGjTfbV2A,Dock Street Cafe,PA,39.9097834,-75.2205579,3.0,5,0
nyU4OrNGq-rme9lHvtIVIA,Chicken Salad Chick,IN,39.9120598627,-86.2200969546,4.5,62,3
pPKFIFDY2u1KCupXzHNtnw,M&M's Southern Cafe,NV,39.5500131061,-119.7538378047,4.5,394,2
V41hJnfJSAad4L_YdVQBGQ,Zen Q,AB,53.5407801859,-113.5071181878,4.0,12,0
Rf2-Ck_KNz1ox6LO2Ef9ZA,Roma Pizza & Pasta,TN,36.0197176,-86.5774317,3.5,17,3
Tdri3C3E2A93twBL3QKvaQ,Cafe Zen,LA,29.8881487,-90.0329068,4.0,115,4
JBUETNQl_ED7iLdwHQaQrA,Papa John's Pizza,LA,30.029818,-90.240024,2.0,7,1
OJg79TtxHWOB0RyHPBJ64A,Hardee's,IL,38.7615230934,-90.1237938728,2.5,8,0
0A_TxKByQxEbQNr_0tpHbw,KFC,NJ,40.0387967781,-74.9145505454,2.0,7,2
OY2_L2zFgBfOTCQFP7FXrg,Stax,TN,36.2114925518,-86.6943552772,3.0,105,5
7woyk8bO9xtCoIMs-0wg1Q,Hardee's,IN,39.766516,-86.141891,2.5,12,5
-SQv9Kit89XgEik-Rd_5yg,Wawa,PA,40.078762,-75.160536,2.5,27,0
U_5bTpJbsRsGRAkGO6SkfQ,Golden Garden,NJ,39.82774,-75.254456,3.5,8,1
eT8pP1ND98zYLST5zhZtEQ,Safron's Caribbean Delight,AB,53.5608847,-113.4668393,4.5,5,3
NXYydDGZuz3p2AGg4puqig,Cuzino's Pizza & Pasta,DE,39.6649644118,-75.5673431683,3.0,13,5
KbSpEQ_54ovgNxOoxKP79g,Time Market,AZ,32.2314089,-110.9643085,4.0,368,2
W5Xn1-IYuMf_0ZimpRs_LA,Wawa,PA,39.996525,-75.0744153,3.5,12,0
f9EcjCMakeDJMRR7nKH6zw,McDonald's,FL,27.9157420057,-82.7264347914,1.5,38,5
HmOLnIE4itMlHNBxR7HYeg,Papa John's Pizza,AZ,32.1343196,-111.0001678,4.0,9,0
dNC6G1FhDVQA5D58Oyg06g,Amighetti's,MO,38.6089145,-90.3675349,4.0,110,0
G-p4c4MRyLRXi4D4XEKFLg,Nevada Steak,NV,39.4149235,-119.7554975,3.5,157,4
ckWyIRxlaQDvyNR6pqdZ_Q,Mr. and Mrs. Crab,FL,28.0534962,-82.4457666,4.0,74,3
VaO-VW3e1kARkU9bP1E7Fw,Felix's Restaurant & Oyster Bar,LA,29.9546804306,-90.0689453974,4.0,3966,0
mXxNBcU-NWecAlEA3uvyVA,Five Guys,FL,27.945162,-82.507558,3.5,70,3
FYOPKSHyRVYwqjNayJdIPA,King Garden Chinese Restaurant,DE,39.8283134311,-75.5430221558,3.5,33,4
9MpC2yF56SMFFFOKobR2JQ,Naked Fins,ID,43.5991184,-116.19321,4.0,80,0
6OqY-P_1xV-qS2EgSOL-rw,Fitzwater Station,PA,40.1280603,-75.4932511,3.0,106,1
GWajXz5cKulo-5A1wCKv8Q,McDonald's,FL,27.8363034516,-82.7865341306,1.5,28,0
H4i4oZSHwt9Y6-EUFhVKbg,O'Charley's Restaurant & Bar,IN,39.602978,-86.159862,2.5,39,2
uJITgt5t7j-KpDChsXPV5w,Terrazu,LA,29.9510658,-90.0715323,3.0,33,0
OTjS4wcvaabAzpfkwVzwxw,PDQ Test Kitchen,FL,27.981075,-82.547939,4.0,28,3
MS99agHcxEFgaqjwV9JytQ,Sterling Pig Public House,PA,39.9590722536,-75.6062233821,4.0,48,4
MGACM7AouLEPLWW-ICM4RQ,Manolo's Italian Restaurant,FL,28.234387,-82.180345,3.5,39,1
kOyh1SCoeeT-5bc-Ds0tXw,Wendy's,PA,40.3194216,-75.131119,2.0,27,5
OwKBaA0rb5LlQ8jOfdPbMA,Kings Fried Chicken,FL,27.7477252,-82.6790039,3.5,58,0
2mdPuMX7lAh10EddfKetkQ,Fiesta Mexicana,NV,39.6077929655,-119.6970143423,4.0,114,2
M72GCSiw35hvB4_2mbm5Pg,Fonda La Poblanita,MO,38.589627899999996,-90.2641223,5.0,20,5
iQp3QlP4iynGTXgFqpZ7Gg,The Velvet Cactus,LA,30.0048795,-90.1029873,3.5,500,2
d7Fht_ouACDVoS-NyXm0NA,Sycamore Grill,PA,40.235045,-74.937258,3.5,103,3
OyUO5U6YDfG66rt7Lv3QhA,Jack in the Box,AZ,32.296847176200004,-110.9788669646,2.0,16,2
JpwG8sDNsHuD0f6NF6YuGw,Rusty's Pizza Parlor,CA,34.413168,-119.691316,3.0,164,2
MKQmptFtwXCulFY-sIVNvA,Penn Station East Coast Subs,IN,39.6978801525,-86.369045512,4.0,25,0
Z_P_HwcnC0jEvRLUx6TFlw,The Cabin Kitchen,IN,39.79051,-86.182467,4.0,5,5
DmcFcYH--QL_S3p8aM47XA,Oil Lamp Unique Dining,AB,53.545087,-113.486374,4.0,32,0
-6eomXaFuOSKPsUbk2A3xQ,The Crownery Chinese Restaurant,DE,39.7746256437,-75.7092361014,3.0,70,0
8AjadowW4RO2t3hKEPppiA,Dairy Queen,PA,40.1044358138,-74.9389273,2.0,10,3
koprbMcYeFtaIGfyT951ug,Chick-fil-A,IN,39.8701605,-86.1216408,3.5,63,1
RcysifU5EkjLSuZlMfRUjQ,Great Ball Chinese,LA,29.9545817,-90.0718384,2.5,6,0
gxYsLtosNDh9EAoT87MD8g,Wendy's,PA,39.8880218,-75.3278032,2.0,20,2
97rpHKTH08bP_audNScXgA,Leddy's Pub,PA,40.2494649,-75.4055644,3.0,7,1
aTaRjb8DvgFcFuMsSGXR8w,Popeyes Louisiana Chicken,AB,53.4767381097,-113.3673458155,3.5,56,1
ZSk6ahTfxD_kSsrTzVRZ4w,Royal Farms,NJ,39.7276928,-75.0138297,1.0,7,1
UrUmhdZLsWcVoIXV9keiVg,Chicago Connection - Fairview,ID,43.6196882,-116.2700606,3.0,28,5
mWZOPkusdImQRGwhyrymaQ,Beignets & More,LA,29.9500201,-89.9744921,4.5,83,5
qCojkwO9wJX7alM-x-DJcA,Willi B's Saloon,ID,43.662045,-116.3380704,4.0,33,4
N2j1caPRBMk34IEKqtGLSA,Bar 210,PA,39.949705,-75.172932,4.5,6,0
t-QOrQE2gTcyirI0LqZ8mw,Bar One Fourteen,IN,39.842828,-86.1541773,4.0,79,5
hUtkmOGwqRbnzkttutDe8g,Cafe Du Monde,LA,29.92189,-90.038834,3.5,30,4
YmbvEo4XymVRw0DKKnhVlA,First & Ten Sports Pub,NJ,40.2263779,-74.7127537,4.0,49,0
KtDdYseuflhOVI8Bal58kg,Tam's Sweet & Savory Café,IN,39.875378,-85.95689899999999,4.5,18,4
TRpIVZlPEShnO8hzJr4dcw,Plaza Azteca - King of Prussia,PA,40.0840828926,-75.3870787603,3.5,310,2
45VrJplsLEo9EYMvTjBwGg,Gourmelt,NV,39.582805,-119.741084,4.0,197,2
aB87dhUScrx4zW_mJD7jKw,Imo's Pizza,MO,38.6742338,-90.3547588,2.5,24,0
EBpicl13JZwCypP0NlbINA,Paradise Biryani Pointe,MO,38.5923349542,-90.5255520344,3.0,64,2
RJ2sHnTFY44EgjyGhwPqGQ,Imo's Pizza Twin Oaks,MO,38.5668920423,-90.4977249316,2.5,44,2
-_1ctmwdtSpjfpFu0pHXzw,Fat Boy’s Pizza,LA,29.9581870061,-90.0651254559,4.5,6,0
7qc5wS5t5NYdiuldY_CpHw,Publix Super Markets,FL,27.9226429,-82.3199863,4.0,29,2
wQq0QBaYXa1KLNw_JVub_g,Pure Casino Yellowhead,AB,53.5797125,-113.5841819,2.5,16,2
wD0xH47Jj9bH_E2yY9htlA,Fresco Pizza & Grill,PA,40.0862095,-75.3301605,4.0,13,2
9PCU1jKEaysLfaETpYEHxg,Blaze Pizza,AB,53.617551,-113.397508,4.5,84,3
SQ3V6oMbHAANZW-wPjMxhg,Pangea,AZ,32.2340093,-110.9568762,3.0,7,2
a5dAEJescHGr_srX8Ckg-Q,Zulema's Kitchen,TN,36.1480546,-86.6895131,4.5,34,5
