ljxNT9p0y7YMPx0fcNBGig,Tony's Restaurant & 3rd Street Cafe,IL,38.896563,-90.1862032987,3.0,94,1
EuRGgOwJ0g1vTj2R04j37Q,Crafty Crab,IL,38.6012982,-89.9896835,2.5,14,4
zjQDk4tZyhEroyqtkgvx0g,The Cobblestone Eatery and Drinkery,IL,38.6041071,-89.8085329,3.5,52,3
gI34hM-873fwF1XQ8hOaSg,Joe’s Pizza and Pasta,IL,38.9491828,-90.1903059,4.0,17,1
FzelkV3vzxkRgBmVSIqALA,Edley’s,IL,38.7733254332,-89.9929298076,3.0,34,5
24Rr4ALt3fDNROR5LEgp0g,Imo's Pizza,IL,38.9226213,-90.1925518,2.5,22,1
IS0B5nLJPluVT8NwGgospA,Cheddar's Scratch Kitchen,IL,38.5965175492,-89.9841942417,2.5,187,4
G0jHNZzhiHWCYZmZWCg-6w,Downtown Diner,IL,38.7013636,-90.1472908,4.0,8,0
q3AbKPlzrqbUh8tz26vsdQ,Wendy's,IL,38.5293592,-90.0356064,2.0,7,4
YWcH3SLyRIBHIBBgudqZLw,Taco Bell,IL,38.5532348,-90.1661599,1.5,8,2
bQKqeYwaHNal7JFAXzCMFg,Super Gyros,IL,38.5170210269,-89.9513851956,4.5,79,4
3bmrxhqVpB5XCg-4j6y39A,McDonald's,IL,38.5175290922,-89.9490435503,1.5,19,4
YKpZ2Ml0NZoYZ5eb3r_Cdg,Valentine's Restaurant,IL,38.4242058,-89.9087975,4.0,30,3
47PQER5Q4OVmQhVZGE5nJg,Mexico Tipico,IL,38.5987159,-89.8081851,4.5,26,3
1CRaUspmxoegNBUnLkBAyA,Li Chinese Reaturant,IL,38.5443273542,-89.9841293629,3.0,27,4
c6xp1swmd-_P87kt3xggDA,Taco Bell,IL,38.888951,-90.17685,1.0,16,1
N44roXfLNkBdpINQDjEFOQ,Carisilo's Mexican Restaurant,IL,38.695337,-89.9666906,4.0,65,5
f_6cI4MdPem_48WgD1Ofcw,Clara B's Kitchen Table,IL,38.4749780415,-89.9908761308,5.0,5,4
6nhKTMtbqY4NPr-QFxQNoA,Golden Corral Buffet & Grill,IL,38.574025,-89.9238064,2.5,38,3
Ho0uAnaLL57On7enESYfeA,Imo's Pizza,IL,38.5932761,-89.9910013,2.5,22,4
46fEorqn2nVbxdclHdHdKg,Gentelin's On Broadway,IL,38.8902684,-90.183487,4.0,69,1
M4vYPpkKcPxfZvebDv0ugg,Taco Bell,IL,38.732182,-89.899187,2.0,10,5
WHFYn-b52ApOFymcKuGoFw,Steak-Out,IL,38.5410303,-90.0022302,4.0,20,4
A0zZI5AnaeK4-vKoc9ABmg,Aroy Thai,IL,38.5738228,-89.9310173,3.5,157,3
VPZk3uYLXAc1pn3XDjWQVw,Arby's,IL,38.523756,-90.031249,2.5,7,4
0bzkJPZaxJI0aWh20ayBJQ,Subway,IL,38.4616615265,-90.0929554558,1.5,6,2
at5w9OCM1ex1Y4mWCQB2Bw,Jimmy John's,IL,38.7196001,-90.1223392,2.5,9,0
BDYL4lMlT6fpKgiNlJRclA,Red Lobster,IL,38.600549,-89.992023,3.0,79,4
mx1_2BxcIbZ1RKsGG_UPHg,Good Times Saloon,IL,38.520564,-90.2099959,3.0,11,2
tBnPLFSvHuyNgurZGN8dYg,QDOBA Mexican Eats,IL,38.677024,-90.0153666,3.0,19,0
CybXMwlaK0mrjpg7D0mdJA,Wood Bakery,IL,38.5913571,-89.9114148,4.0,40,3
bxjOSldtLatq7jX4j0lKuQ,Taco Bell,IL,38.5921557583,-89.9510618445,2.0,18,3
SGtB-yzWcFn0laOGaFhdnA,The Franchise Sports Bar & Grill,IL,38.8679343,-90.0865422,3.5,16,1
DszOO6k_s2wuGhTw2AsUdA,Olive Garden Italian Restaurant,IL,38.601598,-89.987977,3.0,97,4
7euWu2NslP7Qz1GVTBhlEw,Captain D's,IL,38.516857,-89.9561086403,3.0,12,4
5D-Gjagh385iopO3xqjjIQ,McDonald's,IL,38.6131177,-90.0457877,1.5,37,0
0homyPnPv_UhgIFFMpYXJQ,QuikTrip,IL,38.7817075548,-89.950378011,4.5,13,5
nADvg01owuB6eCy5PjobFQ,Fire-n-Smoke Wood River,IL,38.86588,-90.06946,4.0,24,1
ucLuI_9MQ6cgqsVe4V7RSw,Papa Murphy's,IL,38.791576,-89.953346,4.0,14,5
m7a94wUd2yWKtmxKb_Dbrw,Washy's Pub,IL,38.442231,-90.1978506,3.5,16,2
q1LlkxzJ1VEzKedgPrcDlw,Rally's,IL,38.5540526,-90.166927,1.5,5,2
LliHsFTWhHFlba5HiWHNcg,Sushi Ai,IL,38.588236064,-89.9253574759,3.0,57,3
W1-PG8MXkG5EgVGa7x6g3A,Firehouse Subs,IL,38.6914715715,-89.9857521095,4.0,9,0
4po1pDlFcM_GIu1gOwUDSw,Rapid Fire Sandwiches & Treats,IL,38.6716328191,-90.0140312513,3.5,6,0
7KKre8EbV95w_MbYTknCPw,Sonic Drive-In,IL,38.5881713,-89.9271964,1.5,30,3
qXZooaeOrKHCrLHK99VHwg,Chick-fil-A,IL,38.5899403,-89.985405,4.5,78,4
u7koIU81eSTmwryk1LMQsA,Hardee's,IL,38.6913172938,-89.9802248687,2.5,5,0
6Kc2FhLppRhWBXDKxjxj2A,Subway,IL,38.736827539000004,-89.9562028118,2.5,10,5
gXg277YblY5xsaeMzJ73TA,Wang Gang Asian,IL,38.7872317,-89.9815262,3.5,168,5
3QBpL29M2V4bIe_WZKg5lQ,Papa Vito's - Millstadt,IL,38.4622167,-90.0990108,3.5,7,2
tqc44WEwLNpESFFtQOzPiQ,Great Rivers Tap & Grill,IL,38.9032424,-90.1311499,3.5,24,1
yheGRZWHC-RJoKlqepj0hw,Subway,IL,38.7333664524,-89.898355541,1.5,11,5
eM64YFx3lLTDgJYqn4YEpA,Arby's,IL,38.9463706,-90.190287,1.5,6,1
sMjjClYrGEXcTFG66qmg8A,Thai House,IL,38.442545,-90.19959,4.5,117,2
O8wgk23gex2Dwktm1gd_Lg,KFC,IL,38.5434809785,-90.028421516,2.0,7,4
CfR34FRl5Eoka0rSusrfNA,Casa Azteca,IL,38.588136,-89.918591,3.5,54,3
zADmLGvGSO0-ea9CPj_vJA,Rally's,IL,38.919925,-90.1725472,3.5,5,1
LZns3L4U5HDnpDfctH_KgQ,Fletcher's Kitchen & Tap,IL,38.552231,-89.9641824,3.0,13,4
iKeEhlGU9R8vUchNwF5__Q,Dewey's Pizza,IL,38.811217402,-89.9548667172,4.5,135,5
M6HLdXfSf9Zpj1y8xxfimg,Burger King,IL,38.7616233,-90.0659561,1.5,8,0
SjJOV-PB8E1Wlhjm2g1oNw,St. Louis Bread,IL,38.9163514087,-90.1616976894,3.0,23,1
_ic0Q-ptC259Kpu8lIWxTw,Gia's Pizza,IL,38.5924645,-89.9112149,3.5,96,3
IwAjIgI74YVg23pZC4shMQ,McDill's Irish Pub,IL,38.6634115,-89.9983921,4.5,20,0
D1FGfurRUbHTkuN4sp10_A,Hardee's,IL,38.8643718494,-90.0793894,2.5,5,1
OQDQVX4TosEQg5tCWyLUBA,4 Hermanos Mexican Cuisine,IL,38.779251978,-89.9830870224,4.0,12,5
LotQqQ07ImAZzFDFUV9nlQ,Firehouse Subs,IL,38.7205158,-90.1227105,3.5,12,0
7nHsxxngai2a2yHiw2EBWQ,Dairy Queen Grill & Chill,IL,38.5353963728,-89.9622908,4.5,5,4
T2oyb1q64y7I1hFHhPLFig,Jack in the Box,IL,38.6592484,-90.0279682,1.5,23,0
ApcMztKwhVYYCceDX1L5qQ,Edison's Entertainment Complex,IL,38.7718456,-89.995793146,3.5,88,5
KtpZkMxiOp1V9NEqMSMO3w,Sonic Drive-In,IL,38.440635,-90.2124265,1.5,12,2
d3v51cMiLdNvn0GevIQDeg,McDonald's,IL,38.882787,-90.120658,3.0,5,1
gJ52Cdv8Ymgij68Xc9O2hQ,Domino's Pizza,IL,38.444974,-90.221003,2.0,6,2
KuCqZJuqs7EEWzxeZ3w94Q,McDonald's,IL,38.5420796964,-89.984343946,1.5,19,4
8Nbo-W77QpuVmWJDs69q0Q,Lion's Choice,IL,38.57993,-89.9305058,3.5,28,3
hPfiInYuyX9icAz3LEivnA,Denny's,IL,38.76001,-90.0655758,2.0,15,0
8YNiumMAFKSZzzwKSo6dlQ,Bindy's,IL,38.7279958,-90.1258963,3.5,12,0
CYDpBk6QrNPnW9Z9hK_3qQ,Taco Bell,IL,38.517048,-89.952377,2.0,33,4
2Z5rz2PqzkNTkfLb44TUSA,Agostino's Restaurant and Bar,IL,38.600632,-89.9929609,4.0,187,4
wRQ8uOse9xVRPzSvD7gFEg,Joe K's,IL,38.9208418,-90.1932191,4.5,34,1
Vr5bxmQ2C0XMXmT1WyamUQ,Mariachi's,IL,38.4619633,-90.0996524,4.0,16,2
FfvLkFFWMFym6VHHRec6cQ,Chicken Salad Chick,IL,38.785887,-89.958211,4.0,22,5
-s_ovV4hkwgfRdjEp0ZXMQ,Papa John's Pizza,IL,38.9146336,-90.1512177,2.0,5,1
rIoYB0oURnPmou5bppJX6w,Seven Belleville,IL,38.5132179,-89.983112,3.5,124,4
W7dTGLqvARlrQ-MHdoO3gA,Ragin Cajun Piano Bar,IL,38.8913935,-90.1881632,3.5,27,1
A-XHmGCID9QUzdCe_w4Peg,The Corner Chill & Grill,IL,38.509422475,-89.9936971181,4.5,27,4
Lpp5yRWCUS5hK_tFKPUNjg,You Korean And Japanese Best Cuisine,IL,38.590477,-89.939519,4.5,29,3
SZKfPDYm_7OakGXdKPRidA,Hardee's,IL,38.5200387795,-89.926108292,3.0,7,3
X_HDJFf4S3DNblJKAQ8W7w,El Maguey,IL,38.7942593,-89.9503898,3.5,41,5
uMSjGWDniue9EKRhHLfsIw,Moussalli’s Prime,IL,38.803539,-89.9180776,4.5,58,5
nwN92Uje-xIKE5voPTTvBQ,BEAST Craft BBQ,IL,38.5020518,-89.9852273,4.5,583,4
kUP8plrgTC5f4-pQi-kvFg,Chipotle Mexican Grill,IL,38.5919161065,-89.9855235,2.5,55,4
3gwwGdwihsmb4TOnUOo6RA,McDonald's,IL,38.9161826592,-90.1515620854,2.0,14,1
-oULvzCU5o1Hwr28Cl5rsg,Ahne's Bakery,IL,38.336171,-90.1522965,5.0,14,2
YN5tPeaskeB842WUiQxTrw,Golden Oak,IL,38.5704438212,-89.9852564234,4.5,68,4
4pPtSIMVH9r5aLHQ0HKSDw,Cafe on the Abbey,IL,38.4417035308,-90.1960688084,4.0,32,2
W_KX5Qgpk9mZEMDJJoqfLw,Geo's Wings & More,IL,38.5387445,-90.0206783,3.5,34,4
j5jN-G_5Hli6sU8D6--tAA,Troy Family Restaurant,IL,38.732603,-89.899449,3.0,22,5
GwUfmvUOAWmByr0rRn2aTA,Subway,IL,38.8896767789,-90.1741157695,2.0,7,1
-DHwIpXvOsJFqYuo585eOg,Red Robin Gourmet Burgers and Brews,IL,38.7895595,-89.9519582,3.0,76,5
zciO1XFzcKlX98Bi3XOGww,Subway,IL,38.5418445487,-90.0138957454,1.5,6,4
6fhSY7lGaqYUQaswAq3_mA,Park Grill,IL,38.7019329,-90.1219717,4.5,16,0
RYZwCcxZqTt15hXg-0ASRg,The Weeping Willow Tea Room,IL,38.7533220874,-89.9754617,5.0,5,5
d4qVVElEjQrsKBg3ytSWww,McDonald's,IL,38.7008355403,-90.145560801,1.5,7,0
PFgsZA3Gxp6Ceqjd52EtOg,D.S. Vespers Sports Pub and Eatery,IL,38.5036169871,-89.9947985644,3.0,33,4
cVOC5jLNpP78yf5kh-gx_g,Classic K Hamburgers,IL,38.5542779,-90.165924,4.0,15,2
eYW8j9aiyao04Z16fFRzng,Sake Sushi Bar and Grill,IL,38.589075,-89.945672,4.5,113,3
kIBasxKczy0DC4MVUo-7ww,Nettie B's,IL,38.5670968992,-90.0501811132,4.0,6,4
kweSZ9NQ5WjWMYtzZtAzdA,New China,IL,38.899857,-90.038434,4.5,28,1
Qo3q65AoWU0bZLrrcj1Hdg,Jack in the Box,IL,38.7764546145,-89.9552205205,2.5,11,5
IC4_eqxeqLqN0P_6Zqa6rA,Plan Shop Live,IL,38.7314241,-89.9572679022,5.0,12,5
7dtnDUJuF6cyqkv5Hvuumg,McDonald's,IL,38.5029623421,-89.9821762982,2.0,16,4
kP89lDkQ__nFvRTV3TyYZw,QDOBA Mexican Eats,IL,38.57327993,-89.9275488406,2.5,73,3
4AFrfZJwneZdIBz2IvvA5A,Long John Silver's,IL,38.8630206,-90.0784031,4.0,6,1
swv-OHqs0I3J1Hd3QyX38w,Flamentco's the Place,IL,38.5883903828,-89.9247954634,4.0,130,3
yi59A0fDSc3WKzGBhh9JOQ,Wendy's,IL,38.5900900459,-89.9844177842,2.0,20,4
zSIArgI4wjgDJBgYXfNxgA,Penn Station East Coast Subs,IL,38.7919159,-89.953209,3.5,17,5
EK2LYMRoduWQBHWEc6cgzQ,Hemingway's Zen Garden,IL,38.5913764,-89.9098951,3.5,46,3
pO1bjUULFCGIo9O2S28yoA,Texas Roadhouse,IL,38.577236,-89.93332,3.5,109,3
GL18hHKzX-wwUCBetB72Vw,Frederico's,IL,38.3366523,-90.1503182,4.0,12,2
8Jj5TkASHV6wElbziSADow,Crazy Bowls & Wraps,IL,38.5712292,-89.9277855,4.0,66,3
p_HqobCDuNrel1jLMp_Qzg,Dairy Queen,IL,38.77458102,-89.9574789405,1.5,9,5
c1YPgAj2U6nY-Q9TJzTJ_A,Penn Station,IL,38.6775041,-90.0145465,2.0,12,0
K0xjMTLYdicHvwLKNFlUZw,Smokin K's BBQ & More,IL,38.4621835,-90.0834796,3.5,34,2
0c9jXm3tggwKsszKFJhylw,O’bar Cafe,IL,38.7896532,-89.9804824,4.0,5,5
sqcQQveD7b2P9Pn-AKsgzg,Belleville Fish and Chicken,IL,38.5308282978,-89.969895134,4.0,16,4
8QsnVTx5lFGlqx8cLYkcIA,Hokkaido Seafood Buffet and Grill,IL,38.5699032,-89.9842152,3.0,101,4
tMsQnjwF4T8_a_JbfbaCFw,Doc's Smokehouse,IL,38.7918317623,-89.9780601534,4.5,226,5
oo54fNfXC7IkxwpeoPE15w,Taqueria Olvera,IL,38.5961477349,-89.9882179399,4.5,189,4
xFlEEcK2z6Leb8WroywXJQ,Kelly's Butcher Shop & Deli,IL,38.7184513,-89.8830528,4.0,20,5
TsohTE3w1br2m0Nb-tDRDA,Dairyland,IL,38.514134,-90.209721,5.0,10,2
rhfWn_5ZAKg0jEWh5Q1ftw,Taco Bell,IL,38.54841,-90.03591,2.0,11,4
qKNIyugDH3SOnxv1QbibFg,Cracker Barrel Old Country Store,IL,38.57419,-89.9268959721,3.5,84,3
wRafYFsn6vyeg85NbvBd8w,St. Louis Bread,IL,38.5254573,-90.0346888,2.5,28,4
v_jBLgeJ1z5uVDzpZ-Wbkw,Sawmill BBQ,IL,38.573296,-90.186998,4.5,89,2
96OCV6C4CsrUR4mMOM0iqQ,Buffalo Wild Wings,IL,38.524889,-90.033922,2.5,32,4
2_22EkV1jI7X-8eoKSfWiw,The Happy Bakery,IL,38.5877284,-89.9112505,4.5,34,3
WWBzJvqnM2U9FxL6XchlfA,Domino's Pizza,IL,38.5203056,-89.9566715,2.0,11,4
F3358ikraJtY9hUaYF0obA,Applebee's Grill + Bar,IL,38.7267,-90.1238,2.5,20,0
4wep1OfeJbpz0DvBsoDdVg,Peel Wood Fired Pizza,IL,38.8013535,-89.9557648,4.5,357,5
o0uODX3Ot6dkHn3_C49Wjw,Fletcher's Kitchen and Tap,IL,38.5519105,-90.0373295,4.0,77,4
TH0W2K8pJP7e9aj66vr5TA,Applebee's Grill + Bar,IL,38.685884,-90.009402,3.0,26,0
hhV_G25PpQ77qT5XdTd00g,C And C Food For Your Soul,IL,38.5197864,-90.0063207,5.0,12,4
xIz9cCuddNbDUcItCo5V0g,Silver Creek Saloon & Grill,IL,38.50647,-89.9308159,3.0,71,3
NYLtjcCRiJ3YaPXbGfFdAg,Marco's Express,IL,38.5317249,-89.9674375,4.0,33,4
_QprVCMmF5AXubfb6L3ShQ,St Clair Bowl,IL,38.584796,-89.962776,3.0,7,4
zKrfv-y-lLq_GlvfXQaACQ,White Castle,IL,38.5934691338,-89.9901268468,2.5,24,4
9ecu_yKxX-LfnFGcD2E4XQ,Arby's,IL,38.7922976,-89.9508275,2.5,7,5
lMp9qk0I9GF7TA9J9ZzmpA,Sherry J's Homestyle Cooking,IL,38.623403,-90.0985908,4.0,7,0
sGF1JBcdKblUHZ_jtMANLA,Sushi Tatsu,IL,38.5845119,-89.985499,4.5,179,4
UD7JdIOGOQ4CDgqq09qZXA,Taco Bell,IL,38.6114579,-90.0480598,1.5,13,0
SfzPMs5U9KcZCi6fJZArjQ,Mi Casa Mexican Restaurant,IL,38.5390727,-90.0210792,4.0,42,4
xFAHpze5-ndTbR4i3ijWHw,Krab Kingz,IL,38.5901074,-89.9467056,4.0,29,3
QFqHy_SUssxq1IpvkpovEw,Bossanova Restaurant and Lounge,IL,38.8913849,-90.1871724,4.0,57,1
GLIDO9WCvh0AOPfhA_t8vw,Bob Evans,IL,38.6012159097,-89.9861034751,2.5,31,4
HzHgn4BrQLnqDyFQseZ6Dg,Wasabi Sushi Bar,IL,38.5939768,-89.9846676,3.5,138,4
3WDy7uo8g3bR_4IyYLXtWg,Bean Tree Cafe,IL,38.3344449,-90.1502841,4.5,54,2
H6reGILQoDJyc300YzwBjw,Taco Bell,IL,38.701711,-90.143152,1.5,5,0
oeEGx3aQGS3wM8IMdDffsw,Subway,IL,38.5923101172,-89.9773028196,3.0,5,4
ndoNVA8L610b4eMp_sC3Og,Pop’s Fish & Chicken,IL,38.5090355585,-90.0019492954,3.5,12,4
-MRgqfCoHgUNdvszLRgDcw,Syberg's O'Fallon,IL,38.589121,-89.943045,3.0,93,3
2GtknyMaIwV3VHGZ8l_7NQ,Subway,IL,38.5775328528,-89.9344972788,3.0,6,3
xR97Lcp_HwWm_yaBlfOXTQ,McDonald's,IL,38.731921,-89.9060871347,2.5,29,5
f2BLGGfczbEgw3qDP3xOMQ,Applebee's Grill + Bar,IL,38.9191,-90.1702,3.0,17,1
qUSrh_Zya0O1sRffRH8wCw,Pizza Hut,IL,38.5882594,-89.9253124,1.5,24,3
at09ktkw2T0AUyi34Lgt2g,Orient Wok Chop Suey,IL,38.7810978,-89.9521405,3.5,14,5
Mz_xAYx-x8VM05bjNWLEzw,Cafe Agape Express,IL,38.6603437,-90.0024644,3.0,6,0
GrDpOCuTrrAM9csFSTJ5Jw,Morrison's Irish Pub,IL,38.8908618979,-90.1887178794,4.5,48,1
ytIh9UMN8mhMgICpd9aHcA,The CoffeeHouse,IL,38.5889594,-89.9468515,4.5,46,3
b9IENYGikpojhg2s2wMBVQ,Texas Roadhouse,IL,38.787952,-89.954575,3.5,86,5
b_KNASMqfGU5ZuzU-LNy9Q,China Star Restaurant,IL,38.884747,-90.1010013,3.0,15,1
2N7usA8iK2roS5lKMwjCrw,Rally's,IL,38.5017136,-89.9846414,2.5,7,4
sp2K-I-h6Nf43k0UmFMsiA,New China Restaurant,IL,38.5708241508,-89.9857082108,3.0,18,4
IFavC_7hn2ohUWU2WZqD7w,Huddle House,IL,38.5554703419,-89.8058590293,2.5,43,3
BGI6XK85PVeJM8tQ9gimaw,Jerry's Cafeteria & Catering,IL,38.700591,-90.1496817,4.5,20,0
hEoHY9Eqc7X5m-iI2CG2SA,Buffalo Wild Wings,IL,38.792,-89.951972,3.0,77,5
OttyLlslpg9fAW3pYbZjUA,Mr Currys India Restaurant,IL,38.8048693,-89.9224286,4.0,35,5
mJ18FViO3b5_qX1WJwOl9A,Don Chencho Mexican Restaurant,IL,38.7232313,-90.1270561,3.5,22,0
ysFWQ_XGmiN_sOgHmxKySQ,Pizza Hut,IL,38.5598650964,-90.1736517803,1.5,6,2
S_xC9Xf3FNm1Bz6DCLmSuQ,Breadeaux Pizza,IL,38.4603595,-90.0918736,4.0,6,2
l_oJVXPq5rfgPRoqa3vfDQ,Domino's Pizza,IL,38.9364966,-90.1928766,4.0,7,1
2d3DYDTL9ZG6tBObuSHfLA,Papa John's Pizza,IL,38.591745,-89.939007,3.5,10,3
G-3364B-eVslDufNEpHAOQ,IHOP,IL,38.921337,-90.1765174,2.0,23,1
_HH5CmB4e7uWnck0_MxfTA,Mama Mia’s Italian Restaurant,IL,38.8742977361,-90.1000047575,3.5,15,1
QDgGe--XQrPrap3u5EjAmg,McDonald's,IL,38.5629175855,-90.1775099337,1.5,8,2
X-tcDNuuEwUqJf9Sp9ELuA,Fazzi's Bar & Grill,IL,38.69203,-89.971958,4.0,115,0
yUeQqByQ53UqPm8T9YtvoA,Young's Chop Suey,IL,38.6172464,-90.1296665,3.0,7,0
DUfI_iaSWzHJecLJ-rxLYQ,LongHorn Steakhouse,IL,38.5891444,-89.9855167,3.5,62,4
ZWd6jyzszd6qAnG4oBSztQ,The Juicy Peanut Bar & Grill,IL,38.4907915,-89.8089722,4.0,23,3
NPpIyfRD5TV1ITKVbe8wJg,Rio Grande MX Cocina,IL,38.6010651,-89.9885439,4.0,61,4
Zre4lF64SV-apIpCx8REvw,Mascoutah Steak House,IL,38.4922105,-89.8196121,3.5,51,3
paN9whOcxhHpGwE6oAI1sg,Sgt Pepper's Cafe,IL,38.8134509042,-89.9578586383,3.5,79,5
O998e7eUN45YDid-GxM1yw,Stingers,IL,38.5711498651,-90.1852790355,4.0,13,2
yQGPiN-UmRE7cyRTiiQoZw,Imo's Pizza,IL,38.5429248,-90.0265038,2.0,25,4
KeT8uehA2gVy6sycGdl_OQ,Domino's Pizza,IL,38.5581433,-90.1716731,1.5,7,2
IjcyR7oYbSpeim1MunQA0w,Big Mama's Bbq Express,IL,38.6153911661,-90.0922442775,4.0,57,0
i_BpS8-4ri6Pr-sW0fP0fQ,Belleville Pancake House,IL,38.5417935959,-90.0098068267,4.0,41,4
0Bn9pMb_qcBO5mZYa3QAEA,Bandana's Bar-B Q - Collinsville,IL,38.6843931,-90.0127154,4.0,112,0
6BJwqc8rShdKHyizuR0Q5g,Unch's Bar And Grill,IL,38.5699951227,-90.1901185572,4.0,7,2
pjTaBQJ03T5TdmMi6ph4gw,KFC,IL,38.777711635,-89.9539907202,2.5,15,5
MebTj2fKmOQOD9K1a4WfCQ,Little Caesars Pizza,IL,38.9012466,-90.1494354,1.5,5,1
wBByR6Xx7kqQq1siplnEbQ,Fiona's Family Restaurant,IL,38.8682589103,-90.0872690911,3.5,29,1
KWaqFiJmkePvTerZpC93GA,Sonic Drive-In,IL,38.788401616,-89.9786656,2.5,9,5
83UIUa6mx8dM8pfaYdJHxg,North Main Diner,IL,38.8126466,-89.9570389,3.5,31,5
ZrDQusoqsuHlpiIxKMdf5Q,Fazoli's,IL,38.920643,-90.1716299,4.5,14,1
xG9Jy1ax7__d_jADfYCpaw,Sukey's China Restaurant,IL,38.8663796,-90.0847152,3.0,6,1
4e0AuvnWvjr2cJEaEdrtxA,88 China,IL,38.7244218,-90.1244384,4.0,68,0
U5UhfwSdpPiGRK_8PEDkwQ,Papa John's Pizza,IL,38.5417533,-90.0119746,1.5,13,4
NRiBKVQro4594a8_dDgwsg,Sugo's Spaghetteria,IL,38.7921555,-89.9532213,4.0,109,5
cQDUoid9D_hF8L2GxtHWOw,Joe's Asian Cuisine,IL,38.547291526,-89.842527174,4.0,8,3
Rk0SeN8Ur_Z7cVHZttGLKw,Honey Baked Ham Company,IL,38.5922474,-89.9829034,4.5,7,4
6O-tfW_X05KbYfF3sDRPIQ,Red Robin Gourmet Burgers and Brews,IL,38.593248,-89.9841871,3.5,100,4
wVbtjcIZsVSWz_rv1eI5ew,Arby's,IL,38.57407,-89.9261946,3.0,14,3
VKJYOnjRrPcXSkXCTynwbg,Domino's Pizza,IL,38.5829431,-89.9853168,2.0,10,4
A_2noC7CWV2gy0gvZLA-vQ,Walton's Ice Cream and More,IL,38.4049266,-89.9919669,5.0,13,4
S9tdibDgtvdWLiyINyi4nw,Tavern On Main,IL,38.5138537,-89.9800047,4.0,134,4
1NPLNaK1_XMDn_ibCTG5Pw,China Hing,IL,38.5733052,-89.927390524,3.0,38,3
B2SzUN9ufZ8htSam4NDA7w,St. Louis Bread,IL,38.678088,-90.013002,3.0,29,0
J8hyBTTFCXwmi_Vx32ghYg,Jack in the Box,IL,38.873996405,-90.098541677,1.0,7,1
y1htpGz1bd7PF7IUKZ42HA,Applebee's Grill + Bar,IL,38.571822,-89.928524,2.5,41,3
O97yGYrl77VQ4CCNhaZnlw,Horseshoe Restaurant & Lounge,IL,38.5929491583,-89.935002749,4.0,36,3
tdd8AJscOtb8HF0aQ8hPew,Mariachi's Mexican Restaurant & Cantina,IL,38.7356813,-89.9566901,3.5,58,5
G1vUqy1-vDsCbCFrZkFnuQ,McDonald's,IL,38.56986,-89.929873,1.5,36,3
MxVGWF3jk50kYcA0EDMG0w,Terra Sur,IL,38.7339921238,-89.9170195641,4.5,41,5
eDfmJgWv43ysajI3jdDIqw,Pizza World,IL,38.723608,-90.1194437,3.0,12,0
F_uCny898hCrK1pByKLkaw,Sugarfire,IL,38.5811589887,-89.9295651324,3.5,125,3
-imlMPrEJ8cc99qjEclKVA,Steak ’n Shake,IL,38.5918129424,-89.9393887818,2.0,72,3
_cXaVePsZOiKlXwsQ8vcxA,Red Lobster,IL,38.921077,-90.17331,2.5,31,1
-fSp2tpieaiHOtBt7SXP9Q,Applebee's Grill + Bar,IL,38.3585,-90.1545,2.5,16,2
KsUimGJMBc7hNcNtZVrvRw,McDonald's,IL,38.446791266299996,-90.2184712887,2.0,19,2
vcNYhPd7G8p3AtcFGBxM5g,Chinese Buffet,IL,38.917294,-90.146428,3.5,34,1
TwPkrfYzpBQwT0-KxAUZBA,Taco Bell,IL,38.5729920769,-89.9314142,1.5,12,3
IMCfwsS5hMrgSkyz_RlqLw,Joe Boccardi's Ristorante,IL,38.442295,-90.199394,3.5,38,2
7bClKJn31XzbvrCfaY5ryw,The Red Bar,IL,38.6907476,-89.9750838,3.0,33,0
GA8WLE2d9k1Fwuaxl9t3Aw,Spike's Pub & Grub,IL,38.5346488953,-90.0169353771,4.0,29,4
vBxlK7iOH9klZsg-z2dUzA,Moore's Restaurant,IL,38.546817,-90.053495,3.5,22,4
szamoM9NWmqMgNmhCIWztQ,McDonald's,IL,38.6913739777,-89.9769933522,2.0,6,0
9aTiHeFSRH-7KPbfREe_Dg,KFC,IL,38.9148821818,-90.1408577921,1.5,7,1
TuQKGufA3lWZovSq-abpRQ,Tres Caminos,IL,38.6446251079,-90.017343834,4.5,70,0
HW9HGbKQmsoqfAVyUR5mDQ,88 China II,IL,38.43419,-89.90938,4.5,9,3
bxYDpLu4dSWZDQIWV0QowQ,Five Guys,IL,38.5953024,-89.9842987,3.5,72,4
-P6TzxVyvvsLJs4O3E6DcA,Gauchos Argentinian Steakhouse,IL,38.5931235904,-89.971927,4.5,118,4
Kj-2cOwy0AEu8voXw7-3rA,Little Caesars Pizza,IL,38.731812,-89.896427,3.0,5,5
-6kNhGurAbdNQanqbAaoMg,Imo's Pizza,IL,38.691687,-89.98394,3.0,25,0
yVM8b4mD5nOmSwmZWgDwog,Andria's Steakhouse,IL,38.600715,-89.967523,4.0,103,4
QTh-3Tj8FNe5wpWXSpabXw,Taco Bell,IL,38.690576,-89.984631,1.5,19,0
S9Yq0v8Re7Bz3slcBN7Kgg,Steak ’n Shake,IL,38.92288,-90.179507,2.5,27,1
BPGCMo-yZUTHGkXNIcDoBw,Joe's Pizza & Pasta,IL,38.5718503,-89.9834765,4.0,88,4
jVvuP0Cy4Oseas9E7Rzr-g,Bert's Chuckwagon,IL,38.6715011597,-89.9852981567,4.5,57,0
PhyHWBTwsXksSkI2hk96Fw,Jack in the Box,IL,38.9027353,-90.1491154,2.5,12,1
IBmgWfsTokX3kwpFmaKB6Q,Swansea Fish Stand,IL,38.5298704,-89.9797256,4.5,16,4
O2JWavjKGinoO-re2Ymi2A,Olga's Kitchen,IL,38.924684,-90.174452,4.0,47,1
KBza-wFbrUHipbJjkBI1KQ,Golden Dragon Chinese Restaurant,IL,38.5134101,-89.9866597,3.5,16,4
lBtxj8nQqOmuF0b__WHWAA,Gulf Shores Restaurant & Grill,IL,38.7916140663,-89.9531119533,3.0,168,5
b01W9cJtcB0dtXqnNtsstA,McDonald's,IL,38.8648642291,-90.077534616,2.5,7,1
XXRaYrNad94JXygq-zz7Jw,Stagger Inn,IL,38.8111805,-89.9552777,4.0,46,5
VaJdXHK4VQDJO-idOGFbxA,Germania Brew Haus,IL,38.8896057,-90.176442,4.5,39,1
2KE1synn-5TelPHxE-92JA,Dairy Queen Grill & Chill,IL,38.6106946328,-90.0487273141,1.5,10,0
hP6ingyuzGoyxzEHglaetQ,Jimmy John's,IL,38.7757352,-89.9569095,2.0,8,5
LOpRqDGLGOKk__bc2-JbBA,McDonald's,IL,38.6790335464,-90.0111986604,2.0,10,0
YTduJrKecZFqoMGASC81Qw,Rcasa Tex-Mex Restaurant,IL,38.4444210824,-90.2014977525,3.5,14,2
XRX5c-Dae-f-OdN1pRPe3Q,Burger King,IL,38.9182497627,-90.162223354,2.5,9,1
DuNg91PcgwsCxPJwUON_CQ,China King - Belleville,IL,38.5409963284,-90.035918528,3.0,18,4
_cK526t2R3gqCHpEbwbUtg,Freddys Frozen Custard & Steakburgers,IL,38.7857459,-89.9504356,3.0,17,5
ncRQx-tOBdlibG39AGFpiA,Si Senor Mex Mex Grill,IL,38.7235223,-90.1197974,2.5,19,0
w5el96z7deUQMuGGBlvf7A,Wings of Shiloh,IL,38.5580055,-89.900158,4.5,30,3
c1XNKIP9OW3Uxd7BKLgirQ,Wingstop,IL,38.7874259059,-89.9510181895,3.0,30,5
JbuORM3MoTXrVcjVchZQpg,Northside Dairy Haven,IL,38.8234629,-89.9706827,4.0,36,5
hhNS9XW6cJHcb8mygtpowg,Hickory Grove,IL,38.9213679654,-90.1738254315,4.0,6,1
gsVHxcuQBHPw3roYguf12g,QDOBA Mexican Eats,IL,38.5278336005,-90.0353702903,3.0,14,4
AmwIuW10EwmbTwuVEVTN7A,Hardee's,IL,38.6151772702,-90.0446622736,3.0,5,0
BhMja5IRPc159NApqsn8Jg,KFC,IL,38.3575,-90.1545,2.0,7,2
jyz0iyu8C9s6wdeU-Xieog,Ja Bowl China Express,IL,38.3367189,-90.1494211,4.0,9,2
28ScM6WX86nYUCqaaqeU4A,Papa John's Pizza,IL,38.355284,-90.154657,3.0,6,2
b6ZtTraMKE3ftSmtkfe-iw,TGI Fridays,IL,38.6008051825,-89.983246039,2.0,110,4
EMI8NPomLEi9GTAjATpc4Q,Jimmy John's,IL,38.571672,-89.929865,3.0,19,3
BnLteObPXI8YS08o98i-dQ,Penn Station,IL,38.517278,-89.955477,4.0,10,4
68ZJoGeIj1DA2TnxHgRFyg,Osaka Sushi Cafe,IL,38.7250309,-90.1249135,4.5,52,0
O8e_9jjPQtODFBwEwPspHw,Bowl Haven,IL,38.916730658,-90.1509326669,4.0,5,1
VlKjfu7IrLJBqoKaZTchBQ,Sarku Japan,IL,38.596002,-89.9803318,3.5,5,4
KdompboZOJTzBbbsirjm8g,Taco Bell,IL,38.86687,-90.06788,2.0,10,1
OtisJJTAmTzrUQ5_5gl4hw,Popeyes Louisiana Kitchen,IL,38.52624,-90.03513,1.5,31,4
a2y7r9LcuBdR_aLNdgAqXw,Jimmy John's,IL,38.5792181,-89.9842956,2.5,19,4
hbVRXgHMVzJhHUS6sJdL9Q,Jade Garden,IL,38.7368402,-89.9560857,3.5,31,5
v8LChVWkietDAMUVDek4qA,Colton's Steak House & Grill,IL,38.6830009,-90.0139543,4.0,79,0
RLaS9hQJXAc7ED2wr9dWeA,Taqueria Z,IL,38.8106682363,-89.9550345374,4.5,113,5
BOe7rUI8NicB2g5M7tGxZw,Woody'z Pub & Grill,IL,38.637972,-90.025284,4.5,5,0
GKi9B1w_3qazIURnJ6lW9w,First Watch,IL,38.5792,-89.93055,3.0,65,3
k3r48wi7pMuS3FXPuDXe4A,Ginger Buffet and Grill,IL,38.602205,-89.988982,3.0,35,4
Ngcu_UroLXg5rSpSm2Xfug,China King,IL,38.5882140503,-89.9254811928,3.0,36,3
dM8VFFJsOCe2gN9pNBij1w,Subway,IL,38.54763,-89.869452,2.5,7,3
MKWMkB4WvjXNavIl9fFbpg,Jimmy John's,IL,38.5201939,-89.9255423,3.0,19,3
1gcxlzxJH3ibkI_YJzVBPQ,Denny's,IL,38.7760519217,-89.9556197859,2.0,25,5
cD6YXgSJJon7B5pJoRq4SA,New York Fish Chicken Gyro,IL,38.541233,-90.025811,3.5,15,4
7xi1GUyVk-qTNaUSvI9VIQ,Hurricanes Bar & Grill,IL,38.6691612,-89.988232,4.0,11,0
jn7D3DqIe8F4gHNGtZ9UEQ,Lion’s Choice,IL,38.7844288,-89.950474,3.0,16,5
KKmXDeg58qYJUMMiNma2pA,Kruta Collinsville Bakery,IL,38.6632604,-89.9977592,4.5,67,0
n3aRbMiFeLS-UKqiw-Xtnw,KFC,IL,38.5923232398,-89.959063,2.5,8,4
Jkg5qYBqIbZdkMMK62Ix3A,The Lantern BLE,IL,38.6037891691,-89.8099249229,4.5,8,3
O2FfwKUDrOpkjvPxxL9_uw,Penn Station East Coast Subs,IL,38.592008958,-89.96560445,4.0,31,4
snATjayNIQGzc0aYMebMyQ,Jimmy John's,IL,38.6846593,-90.0110574,2.5,8,0
-SEU6rdhRihUxmPYQIPoeA,Joe's Pizza and Pasta,IL,38.4431878,-90.2006022,4.5,11,2
YhbpWF27GHGGUd_-y8-BUA,American Kolache,IL,38.7939,-89.976023,4.5,7,5
H8kS0IyJgpT2FJCgYjEO9A,Tres Caminos Pontoon Beach,IL,38.7486949,-90.0740453,4.0,11,0
t2NOHTihthJ9nHGXr3C8ng,El Macho Taco,IL,38.788503,-89.98226,4.5,38,5
FHGI7dx-HAo2OTcy-5Ja6Q,Jacobsmeyer's Tavern,IL,38.705102,-90.1316038,3.5,11,0
ldL1_lWOtolY1BY5zVBslg,The Abbey Espresso Bar and Café,IL,38.5498805,-90.0348043,4.5,88,4
7P6-It26918v6JDWcYlKSw,Saigon,IL,38.534196,-89.96246,4.0,95,4
JWfMeYHTvROqOkwJlcGFQw,Rally's,IL,38.5412776,-90.0237491,2.0,11,4
Tq1qcFHbURcncnR03YiUPQ,Luna Cafe,IL,38.761951,-90.0888117,2.5,7,0
nTuw1aT5_TvDEmfPkjdLMg,Denny's,IL,38.5881807676,-89.9262110889,2.5,40,3
fRb3lfmmGIfyaSkLjRylWg,Country Pride Truckstop Restaurant,IL,38.7335081054,-89.9099983103,3.5,7,5
WyGTfyQLKBq1Gut5aRtWew,China Star,IL,38.4453536,-90.2205948,3.5,16,2
X_V6MOX7gKk94TBUAF03JQ,The Wooden Nickel Pub & Grill,IL,38.7491234,-89.9805683,4.0,85,5
UhNeXD7-v7wDZOqxNLgLXA,Asia Garden,IL,38.6961307,-89.967975,4.0,54,5
M1-pZ02nty3nd6rLWBLJjw,Castelli's Restaurant at 255,IL,38.9220002,-90.1085443,4.0,107,1
fmlU1_s_2hAHHpXlCIXPVg,Decaro's,IL,38.8905235,-90.1768261,4.5,33,1
OJg79TtxHWOB0RyHPBJ64A,Hardee's,IL,38.7615230934,-90.1237938728,2.5,8,0
Q3ZVqlnrW0OQsakX-yLwvQ,McDonald's,IL,38.9012586403,-90.0575624647,2.5,9,1
Pc7iJTWgGNgzEiGE0WECOw,Little Caesars,IL,38.7762312923,-89.9565774542,1.0,12,5
REzDusDz6pME1MDSNx8Y6Q,Lovett's Soul Food,IL,38.9035595,-90.1488223,3.5,22,1
iDhp4LM3no0BodRzm4inCA,Subway,IL,38.5843008441,-89.907083,1.5,6,3
-2gmbMDzKgYZ_8DOnJtPyw,New China,IL,38.6922122,-89.9850617,2.5,23,0
-v23pO9PUja15AiuUOW6tg,Denny's,IL,38.5001043754,-89.9832301587,2.5,33,4
0EbYHXAKFo9IsFhmZHD1Nw,Global Brew Tap House,IL,38.5791702888,-89.9307184185,4.0,74,3
KBUrZtRmVEm2-N4t9hsnbw,Hi Tokyo,IL,38.5187738,-89.9356731,4.5,48,3
-78Va3llKcPbL6SW4is8lw,Mungo's Italian Eatery,IL,38.669906,-89.985827,4.0,124,0
iGudoXTmbAmz1gg3H7omyA,Hofbräuhaus St Louis Belleville,IL,38.562829,-90.0842214,3.0,298,4
ui9XXukBp4SAjVnCEuiUFw,Zapp Thai,IL,38.7958413157,-89.9505623083,3.5,76,5
2gaygyHbddBC9ReF6wm64Q,Quiznos,IL,38.7877864,-89.9813363,3.0,10,5
FatutiKbG7Hsc6rNdq7OYg,Peking Garden,IL,38.6676079,-89.9926017,4.0,40,0
_8dFWEVSVxU6nIW3yM0xRA,Panda Express,IL,38.592413,-89.948247,2.5,54,3
ZAjbQcdxkkVdjkjqWT2fsQ,Casey's,IL,38.7233271025,-89.9572641221,4.0,7,5
ku1UcNLG9y4fs6kcS8zEMQ,EL Nino ​Mexican Buffet,IL,38.592358801,-89.9945614859,4.0,10,4
tX7Cdun9VVRRBM3hmv0P1g,Joe & Onie's,IL,38.5134437,-89.9834947,4.5,11,4
jFdDyBwJfXxtZEMwWFUTpA,Taco Bell,IL,38.7934,-89.9511,3.5,13,5
-VXcrZIhuVElGIgJ03Hj9Q,Inn Between,IL,38.756285,-90.1035925,4.5,5,0
ZSZ7Lly7nF0p4g4_KWsWrg,G-B Grill,IL,38.8882403,-90.1562482,4.5,29,1
mKYrQROIx2fVgqUsInHS9g,Dairy Queen Grill & Chill,IL,38.6005812564,-89.807263,4.5,11,3
C361vgN_65reegQhfOhFhw,Tequila Mexican Restaurant,IL,38.4438737617,-90.219412,3.5,35,2
7iWKDRNgipCWV__4U3iktg,Papa John's Pizza,IL,38.5194625854,-89.9348144531,2.0,9,3
qDFtWcIlBx9QYOQwj09_fg,The Round Table Cafe,IL,38.5537274,-90.039045,3.0,37,4
JIcKYs9tY4nxe2jMwVP2iA,HotShots Sports Bar & Grill - O'Fallon,IL,38.5889998,-89.9455748,3.5,51,3
yGEFpdRisuONpXCOnNTgtA,Papa Vito's Pizza,IL,38.3359228,-90.153284,4.0,27,2
5l846geLhOhMHqi4LdgtjA,54th Street Grill & Bar,IL,38.5741364,-89.9280063,3.5,142,3
dJYn3HhPt1irQZu-Q587aw,Goshen Coffee,IL,38.7920050008,-89.9771466774,4.5,23,5
W_5TmN6sYlft8wqGsqlyfA,Hardee's,IL,38.5020893638,-89.9834218,1.5,7,4
FJCgmzfjlHgaRstj2tMAdw,Taco Bell,IL,38.882357999999996,-90.120915,2.0,7,1
Kfaq9cuyeXHkzWwL39jUWw,Lotawata Creek Southern Grill,IL,38.601418,-89.9820064,3.5,550,4
xjUtI0-k_d1-ZvBqXU9TYA,Old Herald Brewery & Distillery,IL,38.6713918,-89.986116,4.0,107,0
wMGjF3eTtmkOPudjV_z--Q,1818 Chophouse,IL,38.7938686927,-89.9769958021,4.0,188,5
w2_k8bcHzjSpD0ZLO8LQLQ,JV's Downtown Bar & Grill,IL,38.3367652,-90.1507373,3.5,22,2
0SDdm3Xn4f_lRcmfxeEzwA,Pizza Hut,IL,38.730065,-90.125146,2.5,7,0
xP5o6PVU3tWOixLJTIdVVA,Fast Eddie's Bon Air,IL,38.8882588,-90.1624833,4.0,368,1
iGdpNaFSHjjwEuUvMykm1w,Bella Milano,IL,38.7890311,-89.9804091,4.0,166,5
EvBeuDww_OCNQZ-dRy6qzA,Oriental Spoon,IL,38.7917238287,-89.9530076981,4.5,128,5
HlfwDQ_OSp6Gjq4JAf9caQ,Boogie's Restaurant and Bar,IL,38.7320231,-89.9535994,3.5,47,5
iteoJ5b-zJHwkIqJsljrSQ,10th Street Baking,IL,38.5155178,-89.9972132,4.0,7,4
C_nkKXkN80Jwwcv5bhC_Tw,QDOBA Mexican Eats,IL,38.7903765,-89.9506451,2.0,34,5
1NBOCuiFeG6DAkR_dd6pTA,Subway,IL,38.6022874044,-89.8079291546,2.0,8,3
jeGyMmvQI0q81s9a64hqLw,Hen House Restaurant,IL,38.760676,-90.067446,4.0,44,0
_IBXitJSyFH9Q6OYr9zypA,China King,IL,38.5172125,-89.95536799999999,3.0,14,4
zvfHwAElgU3u7I5yEixTEg,Tienda El Ranchito,IL,38.6438751,-90.1146636,4.0,71,0
QdncKkre1lMPUWszxi70rQ,Best Buffet,IL,38.8690846,-90.0663194,3.0,12,1
qa0LSF3qMsnxFRROeEQaXA,Who Dat's,IL,38.670321,-89.9852960095,3.5,92,0
OHFDC1ANJBDsLvO0QDONbg,Mi Jalapeno,IL,38.404591,-89.991496,4.0,16,4
doN8QSdGtlIAW7BP8afZEg,McDonald's,IL,38.5845491,-89.9091629,1.5,45,3
2J36fuglZCzvzfFlneRFjA,McDonald's,IL,38.5911536089,-89.9842527509,1.5,18,4
WnRFkzFpX4GjJjMCxhdncA,White Castle,IL,38.6831252151,-90.0134000722,2.5,28,0
3663TH289j1Xh_lDmDM--Q,Sloan's Pub House,IL,38.669944,-89.986905,4.0,61,0
aK_jY5fp9s0rkSaBJ_Y25w,Domino's Pizza,IL,38.7392019871,-89.9558754,1.5,9,5
opVvfe2wZyPNKo9ZRyo_YQ,IHOP,IL,38.59282,-89.93792,2.5,59,3
lUAa2P-KjyQuVQ664lZIHw,Popeyes,IL,38.5261839,-90.0351142,1.0,8,4
dHL63txs2cre24ZlQInQTw,KFC,IL,38.689836,-89.972548,2.0,11,0
OYurSs6SJYqU1cvEivz6xw,WIT Cafe,IL,38.5476246,-89.8699915,4.0,19,3
wsrl2J5u-Us3E9oalSvnXA,Cracker Barrel Old Country Store,IL,38.61229,-90.04787,3.0,67,0
xUo867M71htXCJEvTaND7w,Domino's Pizza,IL,38.5567362,-89.807691,2.5,16,3
Lsw4VnF3xK_Rcnl6VIM4Qg,Soul Fish & Chicken,IL,38.5927969524,-89.9628591165,3.0,36,4
pEvFMovlRwKvG8dqdnZv2A,AJs Smashed and Smoked,IL,38.5565330426,-90.0443622255,4.0,5,4
7fS2BSIQbmq01umC6TTjYg,Alton Sports Tap,IL,38.9058475,-90.1289327199,3.5,27,1
hGJvftzy9YHny8G3JCzh0g,Dairy Queen Grill & Chill,IL,38.5845562038,-89.9081296727,3.5,7,3
LsnqomcJnEuA3ZAXYU7yUg,Zapata's Mexican Restaurant,IL,38.681387,-90.0159,2.5,95,0
pW9K9kvilgaxSBbSeVg08Q,Popeyes Louisiana Kitchen,IL,38.6849553343,-90.0110893705,1.5,13,0
MvtDGPL46YxAPvhVuKJO4g,Cholulas Mexican Restaurant,IL,38.5300868,-89.9844969,4.5,62,4
xkJHtEFuPGx8ucGmItChjQ,China King,IL,38.5933583,-90.0057924,4.5,15,4
yQ_2fnUgztyfT7Ekk2ehuQ,Bamboo Valley Buffet,IL,38.518239,-89.9557512,3.5,22,4
xAFm9garGTlVwegJPStZjQ,White Castle,IL,38.5271278,-90.0351142,2.5,12,4
8iiOtnFCXPsq4mbXd-L-Qg,McDonald's,IL,38.7877913203,-89.9804601073,1.5,24,5
w2ReK1oQ9EUTgrN6Y0GSRw,McDonald's,IL,38.749832828,-90.0716418028,1.5,30,0
uIUjRtUh8fsoczFL6ttWYQ,King Louie's Drive-In,IL,38.8559261,-90.0861755,4.0,53,1
CBXly4YEShOzxA6524BE3Q,McDonald's,IL,38.7236247,-90.1214665174,1.5,13,0
kmXA4JnwZrFwtB1T9n3LeA,Time Out Sports Bar & Grill,IL,38.7291818,-89.883888,3.0,11,5
hWZSPxrVgAvsq0YeWVwGVA,Smokey Joe's,IL,38.729939,-90.070941,4.0,7,0
OWjMDi-7-jWB4WA91Pc5IQ,Chic N Pig,IL,38.935049,-90.192785,4.0,25,1
kwLQOE8IiKmx_ftzvWa2qw,Jack in the Box,IL,38.921601,-90.1789005,3.5,6,1
bhZW9DsPGAkIShMnh56Djw,Rally's,IL,38.7031898,-90.141622,3.5,6,0
XWOa8by51Zfw_l9IdLtX5A,Popeyes Louisiana Kitchen,IL,38.9164571,-90.152269,2.5,23,1
hJuyz6JIdQDJeU_7-pt7JQ,Shooters,IL,38.591366,-89.910237,3.5,80,3
jDW4w0kICxhWEfgsy0n-YA,Mi Tierra Bonita,IL,38.6445597732,-90.1152403463,4.5,47,0
ggseWJhtnqxCpBKN433duQ,Papa John's Pizza,IL,38.7772316,-89.9542981,2.0,8,5
eVPJcdu8vlsjrWFC3VHiMA,White Cottage,IL,38.5198673,-89.9822374,4.5,61,4
gZw8r3vZMtOaATVTsxmhdQ,Firehouse Subs,IL,38.5858525,-89.9849042,4.0,36,4
NZn0q4SCuznNN1dMvqJliA,Schnucks - Fairview Heights,IL,38.594112,-89.9762487,2.5,7,4
5GZOor47iDvcz3r587ja5Q,Long John Silver's,IL,38.5924548,-89.9802147,3.0,6,4
bt9bctpyr8QBYy6hGD_daA,El Potro,IL,38.7318841,-89.90113529999999,3.5,26,5
L9FeMn-zHsR8O-ssVP3QEA,Culver's,IL,38.7807655334,-89.948072,3.5,23,5
01QBBeOrR3shusGKtsJNQQ,Casa Romero,IL,38.3323441156,-90.1478950469,4.5,75,2
vJLmwiI-GlwEYbCK2N5pyg,Burger King,IL,38.540843100000004,-89.871893,3.0,11,3
dN_WiS41laKnG7MeVVOiBw,Jimmy John's,IL,38.9191881265,-90.1660341,1.5,7,1
pyaAOZpLDBnXlsWyHojaPg,MOD Pizza,IL,38.78509,-89.94884,3.5,40,5
-CoSh2bjDUFPDPjPe43zXA,The Edge,IL,38.5038017,-89.9947932,3.5,73,4
cr1dsNRLByhGkeOLl2kiXw,Margaritas Mexican Restaurant & Cantina,IL,38.5137946711,-89.9821667246,3.5,53,4
PtlERfZAXwFhrV-PBP1LkQ,China Quick,IL,38.5179920865,-89.947337775,3.0,41,4
K4wVovK22PnUpCNgy30KSA,Old Bakery Beer,IL,38.8892587928,-90.1805781304,4.0,147,1
3lfDs9ZkpjNSTv1IIkEsYw,Bella Vista Winery,IL,38.7219557,-89.9456422,2.5,19,5
opKfHyDZGBf9gpWnBDZLHA,Little Caesars Pizza,IL,38.5733175,-89.9268299,3.0,6,3
3lXDdLkEq3SI4z6hCjp7FA,Carver's,IL,38.9232474,-90.1889594,4.5,23,1
svmLWKFTns98Z1MdCrmDig,India's Oven,IL,38.5421749,-89.9851962,4.0,100,4
EE_dlt1N_xMPqz6ooshbVQ,Washy's Saloon,IL,38.3672256,-90.1576724,2.5,16,2
UBQfKxAWEXzMWzej3y2BGQ,Green Earth Grocery,IL,38.806044,-89.952352,3.5,26,5
5pDFZ3X2wfonDr4qgRMUxw,Captain D's,IL,38.7918816681,-89.9507640302,2.5,10,5
PUDDBW0MfpSFI2XEMv_g3Q,Bobby's Frozen Custard,IL,38.730271662,-89.9569969548,4.5,134,5
WAB73KCeALEJkhdkg0Imlg,White Castle,IL,38.5693223,-89.929644,2.5,33,3
c91ZNHxORJzHtE2Vkyy7Tg,South Main Diner,IL,38.6356041743,-90.0267744809,4.5,38,0
MwBblw8ikm55r3qm6bpUtg,The Cabin At Judy Creek,IL,38.7427249993,-90.0025678799,4.5,58,5
SuXyzZVYgzdG4KmN-pf45w,Applebee's Grill + Bar,IL,38.776951,-89.95466,3.0,28,5
hcTFczh1q7LnRTN951jsdw,Riviera Maya Restaurant,IL,38.9145502,-90.1526074,4.0,44,1
idk1PvFzP5OHVp-TruAGiA,McAlister's Deli,IL,38.5923483077,-89.9786956522,3.5,29,4
vnB_NyVjpp705jDEypH2vA,Subway,IL,38.7776176203,-89.9521944367,2.0,6,5
BLSvUe3CjhHi9CMm2px3Gg,Granite City Driver Services DMV,IL,38.6992595,-90.1513758,4.5,7,0
Tj4wSUTLmxBCU2ZTL-mSsQ,Burger King,IL,38.4461615906,-90.2180407801,1.5,8,2
VvQEU1BuLoctkPlOTKm0SQ,La Fonda,IL,38.784438,-89.948896,3.5,64,5
wbLXXbI-T6Av71i9AoiZRQ,Cleveland-Heath,IL,38.8116095,-89.9556965,4.5,455,5
hjkAhCQpWn7xY7oE9Tcaaw,54th Street Grill & Bar,IL,38.788228,-89.952818,3.5,135,5
HRZmsTNLtZRBbJUuWjzLTg,Captain D's,IL,38.5545747033,-90.1676300168,3.5,7,2
B5ugjLDT-HhxAkBUsiciXA,GC Cuisine & Crystal Gardens,IL,38.7970489,-89.9768169,3.0,12,5
XGy_KnoOX9Wkyjx8uEosIQ,Jack in the Box,IL,38.8089489,-89.9519871,1.5,15,5
eKBLQoNemP16o5sG6PIbNA,friday's South Bar & Grill - Collinsville,IL,38.6700004,-89.98569,4.0,33,0
TNgW_VspMZ_doZ3rGMj21Q,Airliner Bar & Grill,IL,38.8859834,-90.0723025,4.0,11,1
EyqjDzYpJ6OpZ15BIoT2Uw,Santino’s Steak and Pasta House,IL,38.9217747435,-90.1738460362,4.0,43,1
jdYcYtelx5akXrVJ_kVCJQ,Doc Holliday's Saloon & Steakery,IL,38.9031204,-90.0742752,2.5,15,1
TejtemosB9xICAU-s-auQQ,Blue Ice Creamery,IL,38.8788749245,-90.1186898435,4.0,9,1
-9QWlFM3KH0DBS1wiHZJXA,Hardee's,IL,38.5851319,-89.9091624,2.5,13,3
XhvipB9UUkXJ6iut_2v6nA,The Diner,IL,38.6004310234,-90.1733747299,4.0,14,0
lrNGRk9qmptB8p1yz8jpVw,Taco Bell,IL,38.444837,-90.220542,1.5,5,2
U6gIIjgzLZ-WlpN-SZ2nyQ,Hopskeller Brewing,IL,38.3350431,-90.1492429,4.5,57,2
gfQmLdpBzhs_y1sQhIzjBQ,Casa Maria Mexican Grill,IL,38.5145679,-89.9828591,4.5,161,4
SFs0-hlgkR_go85wmGWrdw,Red Apple Family Restaurant,IL,38.7307153,-89.9573194,4.0,44,5
v7klZjagdnFXYZItzWe87w,Bob Evans,IL,38.6828371001,-90.01038149,2.5,27,0
fVBUCX_Ubv-VZpLUMwiHYw,Wing China,IL,38.5418902,-90.0239312,4.0,8,4
yMEp_b8Qyv3-uPK7e-nN-Q,Marco's Pizza,IL,38.6663158618,-89.9952541281,3.0,7,0
fX6gfCD9b2w5awuQwHdqVg,Golden Corral Buffet & Grill,IL,38.920144,-90.168208,2.0,6,1
hPmRvTpYau9M4qKQAoLaaw,Chuck E. Cheese,IL,38.591107,-89.9896272,2.0,9,4
xhly1r_gnd5so5fcHMqpag,China King,IL,38.86435,-90.077542,3.0,8,1
X_ATiIQ_6U3d6Ib0pnHMsQ,Culver's,IL,38.688871,-90.009634,3.0,21,0
su7GpBsXIzEWtkOkNwk5Lg,Queen's Cuisine,IL,38.810553,-89.955246,5.0,14,5
wsdLoJ81iBpd4Rq56giINg,Hong Kong Chinese Restaurant,IL,38.60133,-89.80789,5.0,9,3
vkEZCNaUkbCINbizLKZg9Q,Taco Bell,IL,38.59569,-89.98536,3.0,12,4
VVC2ZRQlz8JtK9LmgjQoIw,Sushi Thai by Samran,IL,38.5164666,-89.9844431,4.5,53,4
d-KScItGomWp3EqbXrfZ6w,Chick-fil-A,IL,38.5200212,-89.9245112,4.0,37,3
qeMAYT7oub99o8je6ukjQw,Clean Eatz,IL,38.8089520851,-89.9518699646,3.5,21,5
8M2ZGXzscxGuqID3jFGF2w,Roper's Regal Beagle,IL,38.9310602594,-90.1911469762,3.0,76,1
zFJ9Tn28X9YAjQcI1EfsrA,Who Dat's,IL,38.4422864,-90.1990643,4.0,65,2
GBHw5RZPB5TvnCCqBs_YDQ,Lam's Garden,IL,38.7198417,-90.1223919,3.0,12,0
EOrESwuRyQJ41cK7zYM0PA,Hing Wah Chop Suey,IL,38.873545,-90.099184,4.0,9,1
W4-fo6q77MSf2hPUg3qqPg,Tong Phoon Thai Restaurant,IL,38.586218,-89.983699,4.0,109,4
932-y0qbz8agwdifaLaE3A,Far Oaks Golf Club,IL,38.6234763853,-89.971699914,3.0,11,4
cyKq2OZ_EOdk8_lhSxy72w,Jack in the Box,IL,38.5932254339,-89.9513474101,2.0,44,3
hdcTkr9subdraIdmdwa2UA,Sonic Drive-In,IL,38.6869706,-89.9742552,3.5,5,0
mjXOZkoTNQ7n1Yw8lAMocA,Ron's Lounge,IL,38.6037946588,-89.8101280827,3.5,6,3
-1wnOZFsvsJPEXh_hWcmMA,1st Street Lounge,IL,38.5914601,-89.9115225,4.5,11,3
GTUvFEipY0bNAjQzDgDk9w,Five Guys,IL,38.79148,-89.9508239,3.5,5,5
sv3mfbZEI8frLbUbRPaQqA,Steak ’n Shake,IL,38.6847716773,-90.0098557665,2.0,65,0
ZEd_RWWRVGqLlM5DUiXCeA,222 Artisan Bakery,IL,38.8136329,-89.957905,4.5,104,5
vE_Y-3EWeu-IWlzpDKagvg,McDonald's,IL,38.9468801489,-90.190243721,2.0,10,1
c65APu2LRBd-0oqufJxezg,Magnums,IL,38.8856321,-90.1039248,3.0,10,1
sLrMYb7SWXzytnoFtXz8UQ,China Town Restaurant,IL,38.515056799999996,-89.9528517,3.5,13,4
uZ-BhuOlQhxmWThT9xtlhw,Wendy's,IL,38.5200648,-89.9237729,2.5,17,3
ilUhptqfUrMaSGp1LcHyYQ,Village Inn Pancake House,IL,38.9030759,-90.1467269,4.0,24,1
qqpa9Uxj1Tm_b4y5OqkcXQ,Pizza World,IL,38.5172125,-89.95536799999999,3.0,24,4
2Z9Lm3yE4_h9n7xmMv3gkg,Fast Eddies Fried Chicken,IL,38.8930496,-90.169186,4.0,30,1
u9HujxwwSXMTb8QxYUMsbw,Wendy's,IL,38.5427546,-89.9832802,1.5,9,4
S5SYHcyBG9HuaprVO_6jFQ,Sip & Chew Express,IL,38.5134534,-89.9865606,4.5,18,4
-VvhvE-Qs0kjoGidq7XYDQ,Cured And Cultured,IL,38.554392,-90.0387422,4.5,19,4
0B0L4P5YGgbNeb7Koyez9A,Dairy Queen Grill & Chill,IL,38.9012335147,-90.0504603982,2.5,6,1
nrZ2IbBsKRDduM8ghOgwvQ,Golden Corral Family Steakhouse,IL,38.9149754151,-90.1525042293,2.5,27,1
rnjXf1zDn9LGejhIX1tqxA,Diamond Cabaret,IL,38.603017,-90.174638,2.5,13,0
6wHKgaAasGfJr5lzOAzy4A,Captain D's,IL,38.5874784212,-89.9843385816,1.5,10,4
8aclz-WVqoIT_P4_83Hj9w,Pantera's Pizza,IL,38.794552,-89.950622,4.0,48,5
BRZfKLsDwk4FxMNv6vwb1g,Joe's Pizza & Pasta,IL,38.7326653051,-89.9154245853,3.5,42,5
EJuCnAfO6WU5lg0QvgwpGA,A&W Restaurant,IL,38.675967,-90.013208,2.0,15,0
s7JxSEtIumoFod2Jdj0_-g,Reifschneider's Grill & Grape,IL,38.447653,-90.2039305,3.5,85,2
pCexZFwkKhmWeaJ5AThRQw,Thip's Thai Cuisine,IL,38.588219,-89.924403,4.0,86,3
LoJ8AmYraU7q3o8S3HY-4w,Bennie's Pizza Pub,IL,38.5137251949,-89.9822688683,4.5,47,4
IKCOuK8678jui7su0_bMfg,Papa Murphy's,IL,38.59261,-89.951975,4.5,15,3
V14AhCUeBCs311VFxGdGmw,Dairy Queen Grill & Chill,IL,38.3549768069,-90.1535631716,2.0,5,2
DplwsTdPq4QZYBwaQtFxrg,St. Louis Bread,IL,38.5734525,-89.9284236,2.5,73,3
UXZAsQhKkCjDDIhVjdIH-Q,Little Caesars Pizza,IL,38.5181977985,-89.9452606174,3.0,12,4
Q1y7-5X4D6cRvSLxmm3ktg,Mac's Downtown,IL,38.8916648,-90.1872205,3.0,62,1
VckGorJYPtXL4MMt6Q7c-A,Wendy's,IL,38.78682,-89.977756,1.5,19,5
c1V-4Pai5oEIP4JpGUTh0Q,Source Juicery,IL,38.8137555,-89.9579393,4.5,41,5
svLMFkLybFiadbTo_6g-hg,White Castle,IL,38.5529184646,-90.1657810816,3.0,7,2
OOaxVCZVCmw_kaDt1wIbnQ,Foundry Public House,IL,38.8120819,-89.9562277,3.5,117,5
aT_oPRC-ePhTVW0gGrHkGg,Mariachis,IL,38.5097083,-89.9840413,3.5,48,4
BGiQRikW27X8wfIE71iQBw,Pizza Hut,IL,38.6853171392,-90.0096586347,2.0,15,0
6OnGimVNFS7Q2F8GRzuvog,Sonic Drive-In,IL,38.8829084,-90.1218438,2.0,10,1
Xdzir62WKlSzeu4PMQtlBA,Hardee's,IL,38.5920664609,-89.9476083905,2.0,19,3
-reeXxeQfRSvO7NXOdgKcg,China House,IL,38.6267798,-90.0928061,4.0,7,0
uA5PkyKXgZv2c64hJQqAgA,Imo's Pizza,IL,38.5737363322,-89.903269291,2.0,25,3
Zbz39LnO746zCU0PoXsHkQ,Alfonzo's Pizzeria,IL,38.732639,-89.898933,4.0,43,5
RHO9u3MWvxFYIL1_Vm5xSg,McAlister's Deli,IL,38.5732772906,-89.9271868843,3.0,74,3
Q5QCxXnqGGnsSzJlKLvBwQ,Lilly Gyros,IL,38.592614,-89.9958387,4.5,163,4
OIqKuhUxdMQbCtRuzv4pMQ,Olive Oil Marketplace,IL,38.8911582,-90.1870523,4.5,8,1
5letDiEUUs9mTd4Mdtl4fw,Jack in the Box,IL,38.533982,-89.9841466,1.0,17,4
RF2SocELaoYkXnZhxRcX0g,Gallagher's Restaurant,IL,38.3358432,-90.1511628,4.0,162,2
yWPNBSqR1aDLg0TZJxy5eA,Lee's Famous Recipie Chicken,IL,38.519245,-89.934257,3.0,26,3
sjGGLcSdWdcQeTlLdusiGg,Fire-N-Smoke Wood Fired Kitchen,IL,38.7338706,-89.91647,4.0,235,5
xI1Zo3LNYKEnDnK4aFWFPA,Wingstop,IL,38.5726079859,-89.9313319,2.0,17,3
bmkzU6nQ99thgBLX4MdMJQ,Twisted Biscuit Brunch,IL,38.7883325496,-89.9802220613,3.5,49,5
-9Kxik9BRNkft5rPcVvSsw,Buffalo Wild Wings,IL,38.577905907,-89.933815,2.0,115,3
uT33RCQUJioJnFEh1C1u7g,Main Street Cafe,IL,38.5178779,-90.0019307,4.0,82,4
0Ji6OV6UKSOeF1ylu_ukgw,Chez Marilyn,IL,38.8909771,-90.1874219,3.5,29,1
SXonfRypO6uQa3Wfl1BcxA,Taj Indian Cuisine,IL,38.779325,-89.983252,3.5,74,5
safMQyVBMEmShEaXM140Ug,La Casa Mexicana,IL,38.7913516975,-89.9531494667,3.5,81,5
5syHaITUosZ58Pm519cjBQ,Denny's,IL,38.6797916148,-90.0108025244,3.0,29,0
_gy1LFPr49XnHwIryahRYw,Burger King,IL,38.9017647495,-90.0600573421,3.0,7,1
Rs_rAqtBeNsT4Bta65kWzw,Brewers Bar & Grill,IL,38.604214,-89.810126,3.0,6,3
2heF73lJKRlvoWcKJ--95Q,Taco Bell,IL,38.502492,-89.984115,1.0,17,4
X5_ZA1_mLU1SMcREVGTMMA,El Sombrero,IL,38.4906993,-89.8028947,3.5,18,3
2ptjkvLvDmD3zzEXzM3tsQ,El Gordito,IL,38.5060256,-89.926332,3.5,105,3
gpSv4OvISIeyBAqcNN5bqw,Peel Wood Fired Pizza,IL,38.591452,-89.912272,4.0,385,3
Xfv4ZGJ4u5t3LtSuZHpA0g,Papa Vito's Pizza - West Belleville,IL,38.5419865,-90.0176168,3.5,31,4
JWegbfCz-m_VJt2cFOFmGA,Apple Tree Family Restaurant,IL,38.7286107,-90.1247634,4.0,24,0
n9tGZlfydglBxgWNieH4_A,Domino's Pizza,IL,38.6123962,-90.0457988,2.5,5,0
59hqWP1E1pfjshhHSu0OxA,KFC,IL,38.5525267221,-90.1635407086,2.5,6,2
OrWEym3KXdX45kFlxlIF4g,Sugarfire Smokehouse - Edwardsville,IL,38.7851230076,-89.9570836499,3.5,45,5
wcA2pIrr3CBY9fR0q5_91g,Imo's Pizza,IL,38.9026093367,-90.0600048411,2.5,18,1
cBarFzmjByEo7On2nJtRlA,Coffee Mill Diner,IL,38.4096337006,-89.9928220554,4.5,6,4
S9SYcMTJvKqImncnEZ7tFw,Copper Fire Bar & Eatery,IL,38.5134253,-89.9813947,3.0,107,4
P9kDKqqjdFjjpWIAaxNyRg,Papa Vito's Belleville,IL,38.512382,-89.9793399,4.0,107,4
3tArzjOVr6fhfh20_PQw2g,China King,IL,38.9162098,-90.1623004,3.5,19,1
A2-3GqzY6Ta2txOxC2XepQ,China Lin Restaurant,IL,38.69246,-89.978573,2.5,15,0
uKnoHpDQTQZiqsOldeMx7Q,Weather Vane Ice Cream,IL,38.719437,-90.103952,4.0,15,0
2iO2CTrZNa1dTdtCFllSvg,Tasty Burgers,IL,38.6147716,-90.1250435,4.5,9,0
rRpI0t_tKPlgHi_F1R3Jiw,Zapata's Mexican Restaurant,IL,38.5726150423,-89.9839588671,3.0,46,4
tby3T0KtzXaWK50HRp51TQ,The Chuck Wagon,IL,38.592549,-90.008102,4.0,71,4
omKVwCFLQYs_ySD1bPk6iw,Eckert's Country Store & Farms,IL,38.4782443,-89.9405416,4.0,401,4
AlSI8wUUE009cwaWSuh5rg,Vin Hoa,IL,38.7205741,-90.1218438,4.5,33,0
SSHnsUDQVDubQDABPePcCw,Hardee's,IL,38.7732663042,-89.957173,2.5,9,5
9FDk4e0GjCQEtSshtuDtaA,The Pasta House,IL,38.7857224,-89.9797193,3.0,53,5
3XFmxKMesVkeEstwoiWEMA,McAlister's Deli,IL,38.7800486307,-89.9811821176,3.5,21,5
-mX0wJKh5uW1Kvd_VFFqjw,The Brown Bag Bistro,IL,38.8900481861,-90.1814285233,4.5,70,1
4YhWOsCkrwdTCGkt_WqOkg,Big Daddys - Edwardsville,IL,38.8123378545,-89.9565187138,2.5,28,5
xm_5HMdQ2esc2EvrwFgh7A,Pizza Hut,IL,38.5403976714,-90.035809,2.0,6,4
wFDPMnbG5tKFd0SzhYH5pg,O’Ryans Pub & Grill,IL,38.875094,-90.100656,4.0,11,1
yk1Rs--27YL7ZxuMDuJqsg,Church's Chicken,IL,38.5418846,-90.0222822,1.5,10,4
eazQazbpM4ouw54rzopPuQ,Penn Station,IL,38.724805,-90.124936,3.0,5,0
jnIEW_xWjQKrPE_D2EZbeA,Hotshots Sports Bar & Grill - Edwardsville,IL,38.770997875,-89.9964815433,2.5,39,5
OfiXUQdnT8NpjhvyWNebwQ,Golden Corral Buffet & Grill,IL,38.676424,-90.013684,1.5,23,0
nw58qNTeh7gRyJsEZv9EIg,Subway,IL,38.7793371,-89.9828228,2.0,5,5
B8vONSVjyN0XYwa715EYcg,Sbarro Restaurant,IL,38.5955715,-89.9833585,2.5,11,4
ja7cjawPhBMHsKeL_popDw,Mister Donut,IL,38.923538,-90.188814,4.0,29,1
SOU_JwNJ6kz5PH2_WIEFQA,Popeyes Louisiana Kitchen,IL,38.587683,-89.9853104,2.5,53,4
Az0vuSLLDVWifyOvXSbjuw,Los Tres Amigos,IL,38.865897,-90.068217,3.5,12,1
RD0oinYAprIxtg7FL6mkCg,Joe's Pizza & Pasta,IL,38.7792835808,-89.9830012695,4.0,67,5
4hhC-WUKaI-g4QoZEK7yig,Reinhardt's Restaurant,IL,38.4607771,-90.0939049,3.0,13,2
ZHcgsLdZQ8T7pk-C-o7WlA,Marko's Fish House,IL,38.68547,-90.1565791,4.5,33,0
IMHEEaSvQeaiRlI5rcVjdA,Mike Shannon's Grill,IL,38.8019452,-89.9556501,3.5,115,5
SVp-oQzF2x07Yv38ZKbaHA,Cracker Barrel Old Country Store,IL,38.73391,-89.91489,3.5,65,5
MxbdVt4x3F1OCZA93PKdiw,The Pump House Bar and Grill,IL,38.860449,-90.07203,4.0,84,1
kuLrr1ZS4VXllLgeCACmrA,Mr BBQ At Mystic Oak,IL,38.344685,-90.130527,5.0,9,2
Gt6NclvT89Je0_VHI1eNrQ,Sala Thai Cuisine,IL,38.530032,-89.9702364,4.0,71,4
3X7SeQzmfLTZM5nipFsi2w,Crazy Bowls & Wraps,IL,38.7901403875,-89.9526072779,4.0,40,5
IyBVYkv8nMp-XC4kyPDqxQ,Yo Toppings,IL,38.344985141,-90.1501160619,4.5,6,2
pBGQqWycY1-B1L1nYoBXvA,Steak ’n Shake,IL,38.7849008615,-89.9504119903,2.0,41,5
AF4eN-oI7IWwjv0M9BiHxQ,Teaspoons Cafe,IL,38.7781837,-89.9854444,4.0,96,5
qCCD7UNiaG2JoElwEIFlSw,Duke Bakery,IL,38.8953624,-90.1760405,4.0,25,1
zATYlQN3PJ1GVmvNHZLO7A,Sammis Sandwich At Norbs,IL,38.9200583,-90.1922759,4.0,45,1
tTyFGm2z4zqMXEN_ZWLVfQ,China King,IL,38.462,-90.094114,4.5,11,2
ODiQ6bXwKbGsPHmvdCkFOg,Fazoli's,IL,38.5851825,-89.9853763,3.0,14,4
KS7dLySzzZNC8q1Y_WIo8A,Shogun Japanese Steakhouse,IL,38.603376,-89.983163,3.0,200,4
QOAXTrM3pi9E5iwaShrfGg,Tiny's,IL,38.4474763,-90.2037698,3.5,9,2
srkfgCUltsNdnlFSEul8Eg,Domino's Pizza,IL,38.8113435,-89.9546206,2.5,10,5
L7lfEUSASzGPtknR-peg3g,Shake Rattle & Roll Drive In,IL,38.8959999433,-90.1861078053,5.0,13,1
2UtP4mly2LFZpXtqiwb24g,The Weingarten,IL,38.4717984,-89.9238918,4.0,30,3
uYBHf5LLq3f7YbBjncQdCg,Sacred Grounds,IL,38.813642,-89.958458,4.0,78,5
AyNciRYmmhHFwGEsMWy_7Q,Hardee's,IL,38.92358,-90.192288616,2.0,7,1
nAnlqsDQiAYN2l6Sk1ezEw,Imo's Pizza,IL,38.3458319,-90.1500921,3.5,15,2
o-LnWJfKQRaOcaDrR7KKsw,Chipotle Mexican Grill,IL,38.786358251,-89.9502754254,2.0,10,5
qQrNp9Q_-1GC1eRGv-HZLg,Proving Ground,IL,38.4459071,-90.2195384,4.5,48,2
mbFovrFL60UWpwBfv42RVg,China Wok,IL,38.922394,-90.192598,4.0,20,1
WQYiPwm4iHCaJhyUlcyQXQ,Argosy Casino Alton,IL,38.8888296,-90.1868203282,2.5,20,1
XbyPavh4IWWmFivupJMaQw,Bluff City Grill,IL,38.8899725,-90.1801756,4.0,86,1
SAFPlkE2sT5IdJePfLQb5Q,Porter's Steakhouse,IL,38.679199,-90.016389,3.5,95,0
_VJmkOkjDz7ddaNh-MP6gw,Noodles & Company,IL,38.5732019874,-89.9263760043,3.0,63,3
P4hGfwNiemk57VaR7tEvZg,Sonic Drive-In,IL,38.5523229725,-90.038626492,1.5,9,4
yHInnGxLPm0_QjpuOmS0Ag,Culver's,IL,38.593006134,-89.95753479,3.5,43,4
qAMpQHzKOlZOLUEKxxj9rw,Casa Maria Express,IL,38.5477152,-89.8701254,5.0,8,3
9LQ2GMxEzRTGoiHN9CwpUg,Shogun Steak House,IL,38.9153656,-90.1529731,3.0,41,1
Xd6TvXLanVmLTMbvgKn9ZQ,Jersey Mike's Subs,IL,38.573222,-89.9264697,3.5,51,3
xCFnaOepneUAace3dYgfqg,Waffle House,IL,38.7625464,-90.1228792,4.0,16,0
KJBJwrCEYYMEU0WetXrhyg,Conways Catering & Deli,IL,38.7230787,-89.9563476,4.5,8,5
_dY9ieEZAxh1F3LhoGFczw,Imo’s Pizza,IL,38.7328005916,-89.901814094,2.0,7,5
FRKwXrjKu5qveu-_-DlxBw,St. Louis Paranormal Research Society,IL,38.592119,-90.218384,5.0,14,2
gfSTn1GsYVhcYBsBQ_fodw,Little Caesars Pizza,IL,38.6767130964,-90.0160242613,1.5,5,0
2_3Sx_XI2SbNYbIolKJq_Q,Dreamland Palace German Restaurant,IL,38.3115548,-90.2282953,3.5,70,2
H3-btj6It0pqLrgK8b09Ag,East Gate Grocery,IL,38.5816567,-89.8830586,4.5,7,3
4iAXUCnmDqrOMaOTp2q4EQ,Red Top Barbeque & Chili,IL,38.6772416,-89.9834286,4.0,10,0
iIU2rCk6wUUo8usIudmHfQ,St. Louis Bread,IL,38.79037,-89.951924,3.0,53,5
ft6xDDAh4Iwg_IeNlOjFng,Arby's,IL,38.6835854839,-90.0127801444,3.5,5,0
3aG8idCwlP-loKf8_hxcRQ,McDonald's,IL,38.5401027559,-90.0235039741,1.5,15,4
0WdP4Plnuxn73YYoAbam5g,Uncle Linny's Family Restaurant,IL,38.731436,-90.0743482,3.5,56,0
5O--BMmVrqNS2k8GlFEPgw,Tequila Mexican Restaurant,IL,38.3548502,-90.1525914,3.5,21,2
9qGs73-Z17tlmm09UeW4PQ,Imos Pizza,IL,38.5027703,-89.981306,2.0,23,4
6Qjql13QUm6zxaDEqJjCqg,Gary's Restaurant,IL,38.42221,-89.9086583,3.5,9,3
62jhy4n6A5gOSFMSIwfkJg,Johnsons Corner,IL,38.911221,-90.1965195,3.5,30,1
bOU-v2YCVL5dppIqU5gI6A,Taco Bell,IL,38.751297,-90.075634,2.5,5,0
KYIYLlApkJZNtfy55_aUBw,Pizza Hut,IL,38.516379,-89.955167,1.5,24,4
DJKBTZz_3LQW8dBRjS_n2A,Pie Hard Pizza,IL,38.335865,-90.1515914,4.5,17,2
6AGpQJdTQmbzx7c2-D0vsQ,Hop House Southern Eatery,IL,38.5766527,-89.9338716,4.0,407,3
fD3IuxoCXY1B-cpMDcqmCw,Bann Thai,IL,38.7793178,-89.9832488,4.5,73,5
uLCjDOD9hWvZHZezcuXfRA,Mama Mia's Italian Restaurant,IL,38.7140614,-90.1277643,3.5,6,0
3IitUkc0gxf-HVZC3CsvNw,Signature Tap House,IL,38.59317745,-89.981608,3.0,44,4
zq2WjEegVGBejN3yqE1nSw,Dairy Queen Grill & Chill,IL,38.436511,-90.1910537481,2.5,22,2
DmEOKX4lnBLBw-wleSX_kw,Garden Gate Tea Room,IL,38.7017797,-90.163782,4.5,11,0
8KBtnnw1TjA4tM4urmRCwQ,Pizza Hut,IL,38.4908256868,-89.8093551,2.0,9,3
jGLEklebpTjVLsvYN47ESw,Clifton Country Inn Restaurant & Bakery,IL,38.9391169,-90.251938,4.0,21,1
GM32vllI6tKA6Ksi5EKvwg,Dr Jazz Soda Fountain & Grille,IL,38.6037205,-89.8102718,4.0,30,3
7qjgb2pc7rhm9uSZ2oPxfQ,Tim & Joe's Tavern,IL,38.553831,-90.041734,3.5,9,4
dmb-LM_EtUB9cY-SsjH0LQ,La Casa Mexicana O'fallon,IL,38.5774308,-89.9344104,3.5,150,3
9ONW15iI5PUFBkA0EoBVuA,Denny's,IL,38.3597627948,-90.154238,3.5,11,2
FB6vAuA67sNYqdG7VS8xPQ,Big Daddy's 618,IL,38.5139357,-89.9797044,2.5,19,4
_bgs8mH_0iPRSuBMEopazA,Reifschneider's Grill & Grape,IL,38.43727,-89.915503,4.0,62,3
5V_juhi6tZxcyFclSe8fDg,Panda Express,IL,38.5952137,-89.9809347,3.0,16,4
Jjcxo2kNmbSAINobzVNCvw,Rocket Bowls,IL,38.7993914,-89.96190935,4.5,12,5
fietoLg6UmUGlQKFh2jDTA,Mr. Pancho’s,IL,38.879003,-90.118826,4.5,27,1
RgBY8au7GoXYHmBwqK77Iw,Wendy's,IL,38.6708621869,-90.0318479922,2.0,6,0
AZZG7ZmhE9QkswG-IjB4NA,Lottie's Cafe,IL,38.6922122,-89.9850617,4.0,14,0
YqximOhYJza5Bp4hhnSgUQ,Otts Tavern & Millstadt Fish Stand,IL,38.4612786,-90.0906847,4.0,35,2
cM-Q9zrXR7lZW9e-msxmDw,Great Wall Chinese Buffet,IL,38.728204,-90.1228487,2.5,19,0
0SiqQbw2815-Jk0jN6jEBw,Pizza Hut,IL,38.3578147,-90.1538878657,2.5,7,2
n0XWfd9U0LDEw-n7kSb55A,Applebee's Grill + Bar,IL,38.5422,-89.983215,3.0,33,4
5DwRX43KmGroXBlltpCGqA,Crehan's Irish Pub,IL,38.5407325,-90.0301011,2.5,13,4
kwVtScbC4o3eFq6CTVcNTg,Burger King,IL,38.593081,-89.978816,2.5,8,4
DEtOBNiOrs4VQ71bDn9QFA,China King,IL,38.733364,-89.898618,3.5,19,5
QpK7QS5rluvEGeNB8LM_UA,Ravanelli's,IL,38.68493,-90.01656,3.5,115,0
DbaoSLqMljVhRZomw92J-w,Dairy Queen Grill & Chill,IL,38.8075520189,-89.9515753984,2.5,10,5
DIOROHqtXQDHQZMOMT-YzQ,Imo's Pizza,IL,38.4530371,-90.2188606,3.5,11,2
xkloXCI9qCOxOIPlgM7tiQ,State Street Market,IL,38.8910876,-90.1886651,4.5,33,1
-zzAC2cpeUbr9QTwy59yvg,Wendy's,IL,38.5427546,-89.9832802,2.0,7,4
x3NV8IzY_1-3SSmONbjEGg,Golden Oak Pancake House,IL,38.7890397232,-89.9535778646,4.5,5,5
deUx2fJFlvIvYQAgFIyZdQ,BEAST Southern Kitchen & BBQ,IL,38.4454106048,-90.2205050729,4.5,18,2
5FANpQsGyQ7BBcmfxaWyOA,Hooters,IL,38.5958938,-89.98983,2.5,48,4
1GOEX3GFW7cfyOTCAgcxlg,Round Table,IL,38.944835,-90.190479,4.5,29,1
BYcAlGuyzAcsxXWTxmKaOQ,Papa John's Pizza,IL,38.872278,-90.069139,2.0,6,1
Xc0B5uBLAYwP3AK1XBIbRw,Easy,IL,38.5201066912,-89.9254799587,3.0,35,3
IUx-QYV5pszE7gLky1JLhA,Koke's Tavern,IL,38.6452991,-90.103138,4.5,6,0
eNhbpnZ6p7TDvAKU4XTOyg,Kyoto Sushi Steakhouse,IL,38.800221,-89.976748,4.0,67,5
P1g4fKpJWRyeogo7IAB-mA,Mariscos Seafood El Najar,IL,38.65899,-90.088499,4.0,5,0
kVRbM1HT6YETTDc2koP0rQ,Burger King,IL,38.5199865199,-89.9270219437,2.5,14,3
X9ZFzUiG3gla1OfFFnWbCg,My Just Desserts,IL,38.889879,-90.1845302,4.0,74,1
0V8F5hJQ7QTDzK0rperhxg,3 De Mayo,IL,38.7181600765,-90.0703217888,4.5,14,0
kknQeN8IP0tQukVf4mcwJg,Imo's Pizza,IL,38.7863803,-89.9786071,2.5,43,5
RQPDg_bnyjPrk1xiWf3lpA,Uncle Nick's Deli,IL,38.535585,-90.035699,4.0,29,4
8b_Zj4mREGewT3S1BhoK3A,Zapp Thai Noodle & Market,IL,38.5919281193,-89.9523433586,4.0,141,3
s09bFcQvcTZJznnxxo7twg,Top Shooters,IL,38.476493,-90.222745,4.0,25,2
zkUGrri25CXfZc4OS2BtPg,McDonald's,IL,38.5930184629,-89.9552241209,1.5,22,3
3UxLJpLK6tAkoZU83F694Q,Dairy Queen Grill & Chill,IL,38.7317874984,-89.9070365,2.0,16,5
DaUPN1vbJEkkw_su4CbHEA,Old Towne Tavern,IL,38.7498041,-89.9796497,4.0,5,5
I8n5N-GsqvyGG62ug1TrRQ,Bella Milano,IL,38.5792128226,-89.9309974368,3.5,160,3
0daayuQ68DXVX4qVYWF66Q,So'Pasta,IL,38.7879189,-89.9827695,2.0,5,5
_qW1xzvEfIncBRnn3sHTvQ,Chevys Fresh Mex,IL,38.588344,-89.944112,3.0,67,3
XQqkEWMEI_gvj7_hb6YZbQ,Jack in the Box,IL,38.7317279392,-89.9095214,2.0,37,5
OG6Sk-_mZ3ib4A9qpg09XA,Pizza Hut,IL,38.9131962939,-90.1378950477,2.5,7,1
lkg7QOitJEu3c5-8nbGGhA,The Pork Barrel,IL,38.9041714,-90.0765752,4.0,10,1
3g_uw-tEbbTrsPBg1jWIDA,Drake's - O’Fallon,IL,38.5744029,-89.931502,3.5,74,3
jtvJ6JQ4D2z-SKdPkoU07A,McDonald's,IL,38.5968923883,-89.8083490833,2.5,13,3
3M4yfcODB9A9J4pkhvKm8A,Mystic Oak Golf Course,IL,38.344685,-90.130527,4.0,6,2
r5Z9zAuTzO92qNU-IsT-cw,St. Louis Bread,IL,38.5862079,-89.9854108,3.0,36,4
twImuZzec1_i6mSFiXOqSA,Freddy's Frozen Custard & Steakburgers,IL,38.5741487,-89.9254655,3.5,60,3
vLmyoE81giDAAfasUZeUJw,Shorty’s Smokehouse,IL,38.3355147,-90.1505777,4.5,43,2
bBlSRYBHrfSO5T5qLVie1g,QuikTrip,IL,38.9003707,-90.0583094,4.5,6,1
EBslX5dld1RVc5TLYRl0UQ,Wood River Donut Shop,IL,38.8747152,-90.1010561,4.5,7,1
zwGvMQ7Nw0VwqLUYDuxRXQ,Chava's Mexican Restaurant,IL,38.8116204,-89.9541604,3.5,98,5
Ji5uMnIkneNui-mbOyyl8g,Tequila's Mexican Restaurant,IL,38.434508458,-89.910091114,4.0,20,3
lJ0kV8sQGPPw4Fm7Q5i-7A,Subway,IL,38.8116757837,-89.9521136632,2.5,5,5
0p08neRU_IcNvvolk0pgzQ,Bandana's Bar-B-Q - Fairview Heights,IL,38.571249,-89.983482,3.5,51,4
H2DbPJPUU3285s3qjCMSKA,Chicken Salad Chick,IL,38.5720429039,-89.9310834432,3.0,10,3
fR_HKd_3RFC5uVd1aYkKcw,Freddy's Frozen Custard & Steakburgers,IL,38.6747042,-90.013192,3.5,22,0
4tMDxwPVl0KqCrYqn733nw,Casa Romero,IL,38.8860473,-90.0729611,4.5,22,1
OdpXHSWneuD2BONO5J0_gw,Waffle House,IL,38.6775416,-90.0129302,3.5,53,0
tbywjhakyNMRix9UuBk1mg,Don & Penny's Restaurant,IL,38.8914945,-90.1887672,3.5,7,1
c-iLk7gTKR4naEgfvW4TzQ,bb.q Chicken - O'Fallon,IL,38.5901074,-89.9467056,5.0,42,3
pldnKZNb3fKPmr-zxaqA9w,Dewey's Pizza,IL,38.5790997216,-89.9319445405,4.5,136,3
uKUI5kV_NUpTR4edFBL5jA,El Mezcal,IL,38.930103,-90.1922725,3.5,22,1
JsqpHaV3efUX7WMTwoxbkw,Spring Garden Family Restaurant,IL,38.6805856652,-89.9800851876,4.0,17,0
xPxiRUJt-sYZ1Nsm2o8gkw,Chili's,IL,38.5913896,-89.9854626,3.0,71,4
CnEafQB9JgFWDlnxlPoXlg,White Castle,IL,38.914678,-90.140185,3.5,7,1
5JPUBSz8qpY1emBSRVNFqA,Applebee's Grill + Bar,IL,38.8686,-90.0648,3.0,17,1
Mb967pEMu4d1iimJhkdtWg,The National Shrine of Our Lady of the Snows,IL,38.5618108584,-90.0886982899,3.5,27,4
NdTNohm71hWJa5jPOaUGwQ,Burger King,IL,38.731857,-89.903955,2.5,6,5
QuylwijIe5s-KTe5aIUguQ,China King,IL,38.7896532,-89.9804824,2.0,23,5
c9FxL0wPam29sJfD9PLeEg,Annbriar Golf Course,IL,38.349619,-90.203806,4.0,9,2
yhwFwTqoH_cou9BnM1lkBw,Jack in the Box,IL,38.7244401,-90.1225564,2.0,10,0
0bVcCefYVtvU8MjXC5Na_Q,Wasabi Sushi Bar,IL,38.8116656989,-89.9530157447,3.5,87,5
uxZaujD1ednTa31llKVXkA,Domino's Pizza,IL,38.584466,-89.9077634,2.0,22,3
RePmfEOGbv8zW23GtB2Lhg,Uncle Linny's Food & Brews,IL,38.7319418,-90.082616,4.0,8,0
RZB03R11EpkBJTUpDmNKJA,No-Jacks Bar & Grill,IL,38.4188196,-89.9882545,3.5,17,4
JQHwaJYxrpMMEfNxxLOKrw,Horseshoe Lounge & Restaurant,IL,38.662414,-89.998949,3.5,24,0
lzedq7Zh55nISP3z8RAw5g,Post Commons,IL,38.89125,-90.18455,4.5,59,1
a-M_2iW15qEfHYX6KyAiaw,Viva la Fiesta,IL,38.7882528,-89.9820922,3.5,19,5
u7WBOKDV5JAqV4RACM1dxg,McDonald's,IL,38.793076,-89.950692,1.5,24,5
jS0ShtemLNKEyfVRZwcGaQ,Firehouse Subs,IL,38.9189682,-90.1709563,4.0,12,1
qjUhm-673ohrAgzKRLpFbA,Imo's Pizza,IL,38.7232313,-90.1270561,3.0,21,0
hsPSeUpIdBsS279TAv6jhA,Joes Pizza & Pasta,IL,38.6915534,-89.9875459,2.5,11,0
mmf11vPawgkq66cnugVt9A,Ramon's El Dorado,IL,38.6603193,-90.0206685,3.5,40,0
ewZeX023iPD2grGY3aL4zw,Arby's,IL,38.7317474254,-89.9090244208,2.0,5,5
PHnDLcDpD_xIj2TKV5KrVQ,China Express,IL,38.553717,-90.1638156,4.0,11,2
n4qESYw7vHVVTWq4dtKp2w,Orient,IL,38.7946374,-89.9504718,4.0,36,5
jhTvowxVAMCnAsObNta8kw,LuciAnna's Pastries,IL,38.889527,-90.176815,4.5,34,1
H9I0agL8A8r1eBh6p66o_Q,Pizza Hut,IL,38.5862240497,-89.9857031592,2.5,8,4
cdbEEL_0TLOPgdfsB3PUvA,Subway,IL,38.691322265,-89.974966,2.5,9,0
eQ83iTisgPFzJ1YBO3p-IA,Domino's Pizza,IL,38.5363648,-90.0192933,2.0,22,4
yKgxtgSBkDeuBsfjQVV-jA,Chinese Dragon,IL,38.4042481,-89.9915114,4.5,5,4
